,Username,Konten,Lokasi
0,arek0218,"Peringati Isra Miraj, Cak Imin Doakan Umat Islam Kuat Menata Bangsa https://t.co/YvV0EAkZ5Y
@cakimiNOW 
@DPP_PKB",
1,AndiniSesilia,"‚ÄúSampai sekarang Prabowo sendiri masih belum tahu siapa cawapresnya, meskipun di koalisi Kebangkitan Indonesia Raya ada nama Cak Imin,"" kata Igor.

capres2024

pemilu2024

dekade08

terusmajubersamaprabowo

mendingprabowo

Prabowo Aja",
2,IsmailMangngaga,"Peringati Isra Miraj, Cak Imin Doakan Umat Islam Kuat Menata Bangsa
https://t.co/cWXoUqA3WA","Sulawesi Selatan, Indonesia"
3,Emerald72063957,"@detikcom Semoga segera deklarasi, kalau masih tarik ulur, dikhwatirkan cak Imin angkat koper...üôàüôàüôà",
4,ahmadhellishfau,#JokowiCakImin #JoinKepri2019 #NasionalisReligius FOLLOW | RETWEET | LIKE | KOMEN Jokowi-CakImin https://t.co/9s9pBtaK28,
5,ratushafira2,"‚ÄúSampai sekarang Prabowo sendiri masih belum tahu siapa cawapresnya, meskipun di koalisi Kebangkitan Indonesia Raya ada nama Cak Imin,"" kata Igor.

capres2024

pemilu2024

dekade08

terusmajubersamaprabowo

mendingprabowo

Prabowo Aja",
6,AnastiDina,"‚ÄúSampai sekarang Prabowo sendiri masih belum tahu siapa cawapresnya, meskipun di koalisi Kebangkitan Indonesia Raya ada nama Cak Imin,"" kata Igor.

capres2024

pemilu2024

dekade08

terusmajubersamaprabowo

mendingprabowo

Prabowo Aja",
7,Mandutptr,"‚ÄúSampai sekarang Prabowo sendiri masih belum tahu siapa cawapresnya, meskipun di koalisi Kebangkitan Indonesia Raya ada nama Cak Imin,"" ucap Igor.

capres2024

pemilu2024

dekade08

terusmajubersamaprabowo

mendingprabowo

Lebih Baik Prabowo",
8,LeonaSisca,"‚ÄúSampai sekarang Prabowo sendiri masih belum tahu siapa cawapresnya, meskipun di koalisi Kebangkitan Indonesia Raya ada nama Cak Imin,"" kata Igor.

capres2024

pemilu2024

dekade08

terusmajubersamaprabowo

mendingprabowo

Prabowo Aja",
9,KangFathanNow,"Peringati Isra Miraj, Cak Imin Doakan Umat Islam Kuat Menata Bangsa 
https://t.co/WZ5qGEJ4YC",Indonesia
10,myaliakbar12,"@UstdNyleneh saya ngetwit bgitu berdasarkan pengalaman NU di ciganjur mas. Wilayah gusdur, cak imin, saiful yusuf. Mungkin berbeda kalo di daerah sampean.",
11,Achharisbonek,@nahdiyinbersatu Sami lak ngoten yi tapi semenjak PKB dipimpin kalean cak imin kulo pun mboten nyoblos pkb,Kota Surabaya  Jawa Timur
12,ahmadhellishfau,#JokowiCakImin #JoinKepri2019 #NasionalisReligius FOLLOW | RETWEET | LIKE | KOMEN Jokowi-CakImin https://t.co/0G1wHc8Ix3,
13,sahabatodie,"Peringati Isra Miraj, Cak Imin Doakan Umat Islam Kuat Menata Bangsa
https://t.co/Z0vPdA3LTO
@cakimiNOW 
@PecintaAlmusawa 
@B_1_MRS 
@Mjl_Rasulullah 
@Gardabangsaa",Indonesia
14,ayub_elgenaro,"Peringati Isra Miraj, Cak Imin Doakan Umat Islam Kuat Menata Bangsa https://t.co/A6y2Sjva7J",
15,ahmadhellishfau,#JokowiCakImin #JoinKepri2019 #NasionalisReligius FOLLOW | RETWEET | LIKE | KOMEN Jokowi-CakImin https://t.co/f2imzzrCtY,
16,LamonganPkb,"Seberapa Kuat Elektabilitas PKB Partai Pengusung Cak Imin Di Pemilu 2024? 
#dpppkb #dpwpkbjatim #dpcpkblamongan #cakiminnow #halimiskandarnu #gofurla #pkb #cakimin  #muhaiminiskandar #capres2024  #gusdur #politik #gaspol #fyp https://t.co/984mb2LK5K",
17,DPP_PKB,"Ketua Umum Partai Kebangkitan Bangsa (PKB) Abdul Muhaimin Iskandar (Cak Imin) mengatakan Isra Miraj mengandung dua makna penting. Pertama, menguji keyakinan umat Islam akan perjalanan Isra Miraj Nabi Muhammad SAW penuh keajaiban dan penuh kedahsyatan di luar logika sederhana.",Jalan Raden Saleh No 9 Jakarta
18,DPP_PKB,"Peringati Isra Miraj, Cak Imin Doakan Umat Islam Kuat Menata Bangsa

https://t.co/fC5sCZbhph",Jalan Raden Saleh No 9 Jakarta
19,siagiansulben,@msaid_didu Dan sdh kebaca bukan Cak Imin yg jadi cawapresnya tapi Eric Tohir,"Medan, Sumatera Utara"
20,budydaiwa,@ChoirulAnwar999 @Dennysiregar7 Cak imin om... ü§£ü§£ü§£,
21,Rahadie6,@Umar_Hasibuan__ Kalo PKB Ketum nya bukan cak Imin lain cerita gus @Umar_Hasibuan__,"Jawa Barat, Indonesia"
22,billy4riez,"Peringati Isra Miraj, Cak Imin Doakan Umat Islam Kuat Menata Bangsa https://t.co/KtFlygQ4hC",Jakarta
23,alyapedia,"@Achharisbonek @erickthohir Cak, wis volo blio blom? Ayah Imin maksudku

Wkwkwkwk",
24,Disuruh_Iben,"Peringati Isra Miraj, Cak Imin Doakan Umat Islam Kuat Menata Bangsa - detikNews https://t.co/ZKqgGq4i9S #IndonesiaKuat #BangkitBersama",Pulau Impian
25,Disuruh_Iben,Panas Saling Tuding dan Sindir Cak Imin Vs Yenny Wahid soal PKB - CNN Indonesia https://t.co/vIImjuxojM #IndonesiaKuat #BangkitBersama,Pulau Impian
26,alimahfud200670,@dpcpkbjaksel @cakimin @DPP_PKB @Alam_PKBJaksel Katanya Prabowo cak imin,"ÿ¨ÿØÿ©, ÿßŸÑŸÖŸÖŸÑŸÉÿ© ÿßŸÑÿπÿ±ÿ®Ÿäÿ© ÿßŸÑÿ≥ÿπŸàÿØŸäÿ©"
27,pkbkuburaya,"Cak Imin Raih Dukungan Teratas di Uji Kekuatan Elektoral NU dari SMRC

 https://t.co/9OmBjgJd44",Kab. Kubu Raya Indonesia
28,fraksipkbdiy,"Cak Imin dan PKB Kirim Bantuan untuk Korban Gempa Turki, Adana Jadi Fokus https://t.co/t6AK2Id1fz","Jalan Malioboro 54, Yogyakarta"
29,ahmadhellishfau,#JokowiCakImin #JoinKepri2019 #NasionalisReligius FOLLOW | RETWEET | LIKE | KOMEN Jokowi-CakImin https://t.co/RdxSLaYavr,
30,masbams70,"Peringati Isra Miraj, Cak Imin ‚Å¶@cakimiNOW‚Å© Doakan Umat Islam Kuat Menata Bangsa https://t.co/YFucsbCuVO","DKI Jakarta, Indonesia"
31,robby_karman,Karena Zulhas sudah jadi anak Nahdliyyin. Sekarang kita tarik cak Imin jadi anak Muhammadiyin.,"Bekasi, Jawa Barat"
32,albanjary_rian,@giginpraginanto Sekilas mirip cak imin,
33,Disuruh_Iben,"Oknum PPK Terancam PAW seusai Posting Cak Imin Ketum PKB melalui Facebook, Berikut Keterangan KPU - https://t.co/pgUE1C9qqp https://t.co/TiwquZFSQi #IndonesiaKuat #BangkitBersama",Pulau Impian
34,Disuruh_Iben,Cak Imin Dorong RUU PPRT Segera Disahkan: Banyak Penindasan dan Eksploitasi PRT - https://t.co/OGzeinmL2w - https://t.co/OGzeinmL2w https://t.co/pSFgFnIPlh #IndonesiaKuat #BangkitBersama,Pulau Impian
35,Disuruh_Iben,"Cak Imin Depak Gus Dur dari PKB, Yenny Wahid: Bagaimana Nanti Memperlakukan Rakyatnya! - Okezone News https://t.co/sjRD3c0ofL #IndonesiaKuat #BangkitBersama",Pulau Impian
36,kasmatawarman,@LuqmanBeeNKRI @yusuf_ch @cakimiNOW @hanifdhakiri @DPP_PKB @pkbjawatengah @SalatigaPkb Bukannya kata mba @yennywahid gak boleh pakai nama2 Gus Dur selama PKB di komandoi cak Imin ?,
37,thehenrisaputro,@RagilSempronk @ganjarpranowo Iki jalan kabupaten mas. Sing diomong cak Imin yen gubernur ki dihapus wae cen bener. Wong wewenang e ra cetho asline ki. Hahaha,
38,ahmadhellishfau,#JokowiCakImin #JoinKepri2019 #NasionalisReligius FOLLOW | RETWEET | LIKE | KOMEN Jokowi-CakImin https://t.co/tsa7Y3B17s,
39,ahmadhellishfau,#JokowiCakImin #JoinKepri2019 #NasionalisReligius FOLLOW | RETWEET | LIKE | KOMEN Jokowi-CakImin https://t.co/tt48P2AiIp,
40,ahmadhellishfau,#JokowiCakImin #JoinKepri2019 #NasionalisReligius FOLLOW | RETWEET | LIKE | KOMEN Jokowi-CakImin https://t.co/CWGdR4732h,
41,oposisi_sukses,"@DPP_PKB @cakimiNOW Meski Nahdliyin.... kalau pengikut, penggemar dan pengagum Gus Dur.. sekali tidak ..maka selama nya tidak untuk memilih &amp; mendukung PKB Cak imin, sejarah perebutan &amp; penghianatan tidak akan pernah terlupakan","Kota Surabaya, Jawa Timur"
42,arifstria4,"Dalam kesepakatan kerja sama koalisi itu, pengusungan capres-cawapres ditentukan oleh Prabowo, dan Cak Imin.

@prabowo

capres2024

pemilu2024

dekade08

terusmajubersamaprabowo

mendingprabowo

Prabowo Lebih Baik",
43,andyyusuf22,"Soal Cawapres, Prabowo Ingatkan Cak Imin Soal Kesepakatan Koalisi Gerindra dan PKB - Victory News - Victory News https://t.co/o12vO8QJ4E #BangkitBersama #IndonesiaKuat",Surabaya   
44,Disuruh_Iben,DPD Ikatan Mahasiswa Muhammadiyah DKI Bedah Buku Cak Imin di UMJ - Universitas Muhammadiyah Jakarta https://t.co/pnDqYC9XZ6 #IndonesiaKuat #BangkitBersama,Pulau Impian
45,haelamarie,PKB Tak Khawatir Prabowo Gandeng Khofifah: Belum Ada Opsi Lain Selain Cak Imin - https://t.co/tZkdvHP9de - https://t.co/tZkdvHP9de https://t.co/rENLxI3dPf #IndonesiaKuat #BangkitBersama,Indonesia
46,arifstria4,"Tertuang di perjanjian tersebut, capres dan cawapres akan ditentukan secara bersamaan oleh Prabowo dan Cak Imin.

@prabowo

capres2024

pemilu2024

dekade08

terusmajubersamaprabowo

mendingprabowo

Prabowo Aja",
47,NordickVv,@mohmahfudmd Pak....tolong majulah sebagai capres...kalo bisa pake partai PKB...PKB seperti kehilangan arah tujuan &amp; tak tahu mau kemana semenjak cak imin disana,
48,ahmadhellishfau,#JokowiCakImin #JoinKepri2019 #NasionalisReligius FOLLOW | RETWEET | LIKE | KOMEN Jokowi-CakImin https://t.co/DjpBvfpKYi,
49,habib_syechrell,"Dibubarkan Banser, Cak Imin Pernah Hadiri Pengajian Ustadz Hanan Attaki
https://t.co/6k1tgtoBGy",Tegal Jawa Tengah Indonesia
50,ahmadhellishfau,#JokowiCakImin #JoinKepri2019 #NasionalisReligius FOLLOW | RETWEET | LIKE | KOMEN Jokowi-CakImin https://t.co/57gK6bCMU2,
51,OmHardiman,@geloraco Pak prabowo pikir keras jika harus cak imin wapres basis pendukungnya pkb sangat terbatas tidak semua NU dukung PKB kecuali jika tidak punya dosa ndepak gusdur pkb bisa jaya,"Sleman, Indonesia"
52,dwikiaprinaldi,today i learn muhaimin iskandar kalau di depok namanya jadi gus muhaimin bukan cak imin,
53,ahmadhellishfau,#JokowiCakImin #JoinKepri2019 #NasionalisReligius FOLLOW | RETWEET | LIKE | KOMEN Jokowi-CakImin https://t.co/Tfq6KcjVOL,
54,PalopoJurnal,"Dikala Jokowi Endorse Menhan, Prabowo-Sandi Jilid 2 Terulang di Pilpres 2024, Khofifah dan Cak Imin? https://t.co/bTJJypPjgo","Kota Palopo, Sulawesi Selatan"
55,Disuruh_Iben,"Cak Imin Tak Hadiri Satu Abad NU di Sidoarjo, PKB: Terjebak Macet - SINDOnews Nasional https://t.co/ewoTw92MDn #IndonesiaKuat #BangkitBersama",Pulau Impian
56,Disuruh_Iben,Airlangga dan Cak Imin Buka Peluang Lebur KIB &amp; KIR Jadi Satu Koalisi - CNN Indonesia https://t.co/xuJCc4B0us #IndonesiaKuat #BangkitBersama,Pulau Impian
57,palopoleaks,"Dikala Jokowi Endorse Menhan, Prabowo-Sandi Jilid 2 Terulang di Pilpres 2024, Khofifah dan Cak Imin? https://t.co/ackf0DAe5w",
58,Disuruh_Iben,Cak Imin: Koalisi PKB dan Partai Gerindra di Pilpres 2024 cetak sejarah baru - ANTARA Megapolitan https://t.co/1nHLwob8yn #IndonesiaKuat #BangkitBersama,Pulau Impian
59,NingF1tricenter,"Cak Imin dan PKB Kirim Bantuan untuk Korban Gempa Turki, Adana Jadi Fokus https://t.co/nxYkUGlPvL",
60,putra_poerba,"@Jhonkosmik Prabowo nggak, ARB gak, Ganjar juga nggak.... jadi jagoannya adalah... Erick atau Puan atau Cak Imin...",
61,Selo57550672,@Jhonkosmik Terus pak timbul sama cak Imin dimana?,
62,murtadho_ma,@AfifFuadS @DPP_PKB @cakimiNOW Jare mbah GusDur PKB dipek cak imin apalagi cuman foto ü§£,East Jakarta
63,aidafitriat1,"Cak Imin dan PKB Kirim Bantuan untuk Korban Gempa Turki, Adana Jadi Fokus https://t.co/XEwm8A5Dyn",Pasuruan 
64,DuniaFana251071,"@OposisiCerdas Cak Imin?
Seperti layangan putus..",
65,missamiyaa,@OposisiCerdas Cak imin üò≠,
66,Disuruh_Iben,Sejumlah Kepala Daerah di Jatim Dukung Cak Imin Capres 2024 - CNN Indonesia https://t.co/EqKqQ1wRVD #IndonesiaKuat #BangkitBersama,Pulau Impian
67,Disuruh_Iben,PKB Monopoli NU? Begini Jawaban Cak Imin - https://t.co/XyRg6gsE1C https://t.co/93mBnpkT5R #IndonesiaKuat #BangkitBersama,Pulau Impian
68,siregarmahmudy9,@Brigade01Arwan1 @cakimiNOW Amiin....semoga Cak Imin jadi Presiden RI penerus Alm. Gusdur,Indonesia
69,jurnalistpemula,"@OposisiCerdas Gak kaget polang sapi, blatik sapi manuver ,,, dan orang2 disekelilingnya sudah nyaman pasti senang aja polah tingkah blantika sapi,,, cak imin",
70,Emerald72063957,@republikaonline Serangan ke PKB Cak Imin nich...,
71,Muis____,@OposisiCerdas Cak Imin Pie ???,Republic of Indonesia 
72,Disuruh_Iben,"Bertemu Airlangga, Cak Imin: Kita Ingin Pemerintahan Ini Benar-benar Produktif hingga Akhir Periode - https://t.co/jdGJZgaaH0 - Nasional https://t.co/jdGJZgaaH0 https://t.co/WNzsixTs18 #IndonesiaKuat #BangkitBersama",Pulau Impian
73,dpcpkbjaksel,"Ketum  DPP PKB @DPP_PKB Abdul Muhaimin Iskandar alias¬†Cak Imin @cakimiNOW mengirimkan bantuan untuk korban gempa bumi di Turki. Bantuan itu khususnya, di Kota Adana

@Alam_PKBJaksel @VIVAcoid

https://t.co/VE085OSQVE",
74,syifa_anindia,"Dalam kesepakatan kerja sama koalisi itu, pengusungan capres-cawapres ditentukan oleh Prabowo, dan Cak Imin.

capres2024

pemilu2024

dekade08

terusmajubersamaprabowo

mendingprabowo

Prabowo Lebih Baik",
75,DPWPKBJAKARTA,"Ketua Umum DPP Partai Kebangkitan Bangsa (PKB) Abdul Muhaimin Iskandar (Gus Muhaimin) atau biasa disapa Cak Imin @cakimiNOW mengirimkan bantuan bagi korban gempa bumi di Turki khususnya, di Kota Adana

@DPP_PKB @hasbipkb

https://t.co/dFgsFisx7N","DKI Jakarta, Indonesia"
76,OmarFaheem_11,"Tertuang di perjanjian tersebut, capres dan cawapres akan ditentukan secara bersamaan oleh Prabowo dan Cak Imin.

capres2024

pemilu2024

dekade08

terusmajubersamaprabowo

mendingprabowo

Prabowo Aja",
77,larasatipuji1,"Tertuang di perjanjian tersebut, capres dan cawapres akan ditentukan secara bersamaan oleh Prabowo dan Cak Imin.

capres2024

pemilu2024

dekade08

terusmajubersamaprabowo

mendingprabowo

Prabowo Aja",
78,KWaktura,"Cak Imin
Huda 
Tomy Kurniawan 
DKN Garda Bangsa 
Dpp Pkb
Dpw PKB
Oleh soleh https://t.co/DCUdA3XCUi",Tasimalaya
79,BizlawIndonesia,"Prabowo-Khofifah 'Makin Mesra', Akankah Dapat Restu Cak Imin? https://t.co/vXpNeI2tIA",Portal Informasi Berita Hukum dan Ekonomi Indonesia
80,sitiais63704078,"Cak Imin dan PKB Kirim Bantuan untuk Korban Gempa Turki, Adana Jadi Fokus",
81,Disuruh_Iben,"Dibubarkan Banser, Cak Imin Pernah Hadiri Pengajian Ustadz Hanan Attaki - Suara Nasional https://t.co/2LnEA8mlYb #IndonesiaKuat #BangkitBersama",Pulau Impian
82,Disuruh_Iben,Ketum PBNU Sindir Cak Imin Rebut PKB dari Gusdur - https://t.co/m18YJDoHNF https://t.co/Lunftpuxti #IndonesiaKuat #BangkitBersama,Pulau Impian
83,Jonperiunjung3,@muhamma39967166 @BagusMuhaiminS1 @cakimiNOW @cakimin @DPP_PKB @tppkemendes @halimiskandarnu https://t.co/mlgoaVyiuE,
84,KangSarjono1,"Dibubarkan Banser, Cak Imin Pernah Hadiri Pengajian Ustadz Hanan Attaki https://t.co/mVGhlpnEk9",
85,suaranasional,"New post: Dibubarkan Banser, Cak Imin Pernah Hadiri Pengajian Ustadz Hanan Attaki https://t.co/VGgxmxLkaO","Jawa Tengah, Indonesia"
86,wellyharlindo1,"Cak Imin dan PKB Kirim Bantuan untuk Korban Gempa Turki, Adana Jadi Fokus https://t.co/F8Wc1xm3ah","Bandar Lampung, Lampung"
87,aufarok,@AfifFuadS @DPP_PKB @cakimiNOW Poto modus. Kyk g tau kelakuan cak Imin aj. Bagaimana kelakuan dia atas Gus Dur.,"Kota Surabaya, East Java"
88,zen_sulendro,@ulil piye @sahabatodie  wkwkwk endi cak imin kok malah zulhas üòÇüòÇüòÇ,SOC - JAKARTA
89,Roytar1,@ekokuntadhi1 Pa prabowo dah pasti ikut pilpres n wakilnya bsa cak imin atau pa ganjar,
90,yovieferia,"Mudah-mudahan pilpres menjadi ajang pertarungan ide dan gagasan. Tapi, melihat kemenangan ditentukan oleh banyaknya suara, idealisme tsb rasanya bakal melempem. Ya siapa tau, Cak - skrg Gus - Imin sudah memulai duluan, disusul Anies Baswedan, tinggal kontestan lainnya?",
91,gaspoll2024,"NGOBs lagi yuk!!

Kali ini kita ngobrol seputar Capres Pilihan Nahdliyyin bersama Mas Syarif Abdillah, Ketua FPKB DPRD Jawa Tengah

Selasa, 21 Februari 2023
Jam 20:00 - 21:30 wib

Di Twitter Spaces @gaspoll2024 

#gaspoll #GusMuhaiminAsikPoll #CakImin #CapresPilihanNahdliyin https://t.co/DrxFUZ8XuO","DKI Jakarta, Indonesia"
92,PupungBurhani,"#CakImin
#Syaepulhooda
#TomyKurniawan
#DKNGardaBangsa
#DppPkb
#DpwPkb
#OlehSoleh https://t.co/nszXofrkdk",
93,lingkarjatimcom,"Di Acara Simposium 1 Abad NU, Ketum PBNU Sindir Cak Imin | LingkarJatim - https://t.co/PLzqyY4rIX https://t.co/TegtFWXJjB",
94,am_syafi,"#GusMuhaimin 
#CakImin 
Isra'mi'raj",
95,Disuruh_Iben,"Soal Cak Imin Usul Gubernur Ditiadakan Karena Tak Efektif, Begini Kata Sultan - Kedaulatan Rakyat https://t.co/KepRf2i5LM #IndonesiaKuat #BangkitBersama",Pulau Impian
96,Disuruh_Iben,Cak Imin Harap Diendorse Jokowi Jadi Capres atau Cawapres | https://t.co/iB9b8JxWq6 - https://t.co/vZIWoTfBeY https://t.co/1ng8GWedBY #IndonesiaKuat #BangkitBersama,Pulau Impian
97,Hen43025717,"#Cak Imin
#Huda 
#Tomy Kurniawan 
#DKN Garda Bangsa 
#Dpp Pkb
#Dpw PKB
#Oleh soleh https://t.co/SjVHU5CGLP",
98,nyak_ih_meutuah,"Capres 2024:
@aniesbaswedan
@prabowo
@airlangga_hrt
@puanmaharani_ri
@ganjarpranowo
#CakImin

Trs knp @partaigeloraid itu hy menyerang Anies B? @Fahrihamzah

Ungkit Utang Rp50 Miliar, Fahri Hamzah Mantap Pilih Prabowo Ketimbang Anies https://t.co/PODbEzs0pe",Indonesia
99,ahmadhellishfau,#JokowiCakImin #JoinKepri2019 #NasionalisReligius FOLLOW | RETWEET | LIKE | KOMEN Jokowi-CakImin https://t.co/Lr7ce6INtn,
100,Miftha_93,"@calonbabeh @AfifFuadS @DPP_PKB @cakimiNOW Wih sampek misuh"" Ngono kang
Wong gor takon
Seharuse yo fotone seng dewean ae
Seng jelas wajahe
Iku lebih dominan neng wajahe mbah yai fotone
Cak imin gak ketok","Jawa Timur, Indonesia"
101,merdekadotcom,Cak Imin Kirim Bantuan untuk Korban Gempa Turki Lewat Relawan PKB https://t.co/MTM9jALblm,Indonesia
102,Disuruh_Iben,"Ma'ruf soal Cak Imin Usul Pilgub Dihapus: Biar Wacana Berkembang, Kita Ikuti - https://t.co/OGzeinmL2w - https://t.co/OGzeinmL2w https://t.co/SDicPcWiUL #IndonesiaKuat #BangkitBersama",Pulau Impian
103,akhmadsoderi2,@OposisiCerdas Cak Imin mau dikemanakan?,
104,dpwpkbjabar,"Satu abad NU, Cinta Ulama, Cinta Santri, Cinta NKRI. üáÆüá©
Pagi tadi PKB Jabar Ikut memeriahkan &amp; berkontribusi di acara Kirab 1 abad NU Kota Bandung.
#nu #1abadnu #gusmuhaimin #muhaiminiskandar #pkb #cakimin #syaifulhuda #acepjamaludin  #Bandung
@dpp_pkb @cakiminow  @syaifulhooda https://t.co/0WDYDWdXYa","Kota Bandung, Jawa Barat"
105,anngirayna,"Prabowo-Khofifah Dinilai Lebih Kompetitif Dibanding Cak Imin.

capres2024

pemilu2024

dekade08

terusmajubersamaprabowo

mendingprabowo",
106,ahmadhellishfau,#JokowiCakImin #JoinKepri2019 #NasionalisReligius FOLLOW | RETWEET | LIKE | KOMEN Jokowi-CakImin https://t.co/1dYV2Ufuy9,
107,chaidar_2000,@OposisiCerdas @KartikaPurbasa Cak imin nangiss,"Jakarta Barat, DKI Jakarta"
108,gaspoll2024,"Selamat memperingati Isra' Mi'raj Nabi Muhammad SAW.
18 Februari 2023

#gaspoll #GusMuhaiminAsikPoll #CakImin #isramiraj #2023M https://t.co/sY9Jm4rYmX","DKI Jakarta, Indonesia"
109,DPP_PKB,"Seperti yang dilakukan Ketua Umum (Ketum) DPP Partai Kebangkitan Bangsa (PKB) Abdul Muhaimin Iskandar alias Cak Imin dan pengurus DPP partai yang dipimpinnya mengirimkan bantuan untuk korban gempa bumi di Turki. Bantuan itu khususnya, di Kota Adana.",Jalan Raden Saleh No 9 Jakarta
110,DPP_PKB,"Cak Imin dan PKB Kirim Bantuan untuk Korban Gempa Turki, Adana Jadi Fokus

https://t.co/n5y18jBKeG",Jalan Raden Saleh No 9 Jakarta
111,Disuruh_Iben,Cak Imin Minta Pemerintah Perhatikan Masa Depan Santri - RMOL https://t.co/C5cfqDYYmn #IndonesiaKuat #BangkitBersama,Pulau Impian
112,DefanaYolanda,"Prabowo-Khofifah Dinilai Lebih Kompetitif Dibanding Cak Imin.

@prabowo

capres2024

pemilu2024

dekade08

terusmajubersamaprabowo

mendingprabowo",
113,anggraini_yura,"Prabowo-Khofifah Dinilai Lebih Kompetitif Dibanding Cak Imin.

@prabowo

capres2024

pemilu2024

dekade08

terusmajubersamaprabowo

mendingprabowo",
114,narsujshi,Barakallah.Cak Imin Raih Dukungan Teratas di Uji Kekuatan Elektoral NU dari SMRC https://t.co/5pmXoxpMSV,
115,gaspoll2024,"Cak Imin dan PKB Kirim Bantuan untuk Korban Gempa Turki, Adana Jadi Fokus

#gaspoll #GusMuhaiminAsikPoll https://t.co/6DsPc0V1DZ","DKI Jakarta, Indonesia"
116,Prajurit_ndeso,@nyak_ih_meutuah @DPP_PKB Waduh cak imin bisa ngambek,"Purwokerto Selatan, Indonesia "
117,mesuji_ilham,@cakimiNOW Alhamdulillah Mantap Cak Imin dan PKB,
118,STresnowat1,@AdhiTriePutra @aniesbaswedan @Dennysiregar7 @ch_chotimah2 Prabowo cak imin kah,Indonesia
119,ayub_elgenaro,"Cak Imin dan PKB Kirim Bantuan untuk Korban Gempa Turki, Adana Jadi Fokus https://t.co/dgl4Rq0j3v",
120,suaradotcom,"""Memang pilihan sulit bagi Prabowo. Pilih Cak Imin tapi peluang kalah terbuka. Tapi gandeng Khofifah nilai jualnya besar,""

https://t.co/HXX6pLmED7",Jakarta Capital Region
121,tonkrop,@z_soleh @DPP_PKB @cakimiNOW @Jazilul_Fawaid @SyaifulHooda @EmHasanuddin @masbams70 @masfaisolriza @dpwpkbjabar Sebaiknya cak imin dengan berbesar hati mundur dari ketum pkb supaya ada regenerasi kepemimpinan di tubuh pkb,
122,talijagad_id,@Jennifer_bogota @Asikirawan @AfifFuadS @DPP_PKB @cakimiNOW @Bambangelf Yg bingung itu kamu. Bingung dan putus asa mau jatuhin Cak Imin dan PKB gagal terus...,Indonesia
123,ahmadhellishfau,#JokowiCakImin #JoinKepri2019 #NasionalisReligius FOLLOW | RETWEET | LIKE | KOMEN Jokowi-CakImin https://t.co/LEdvORppHV,
124,miskiy28,"@setro_gm @calonbabeh @AfifFuadS @DPP_PKB @cakimiNOW Mestinya pake potonya cak imin sendiri aja, biar yg blm kenal jd kenal. Malah kl gitu bisa dianggap cak imin ga PD.",jakarta - pekalongan
125,hasandjimbe,@whyunesia Siap cak imin,"Yogyakarta, Indonesia"
126,Disuruh_Iben,Buku untuk Cak Imin akan Dikupas di 100 Kota: Calon Presiden Sibuk Serap Gagasan - https://t.co/OGzeinmL2w - https://t.co/OGzeinmL2w https://t.co/934PNQBxrl #IndonesiaKuat #BangkitBersama,Pulau Impian
127,talijagad_id,@Asikirawan @AfifFuadS @DPP_PKB @cakimiNOW Yg mewajibkan itu siapa? Yg aku persoalkan itu statement mu yg bilang gak mau Cak Imin krn bawa2 NU ke politik...,Indonesia
128,BugisLie,"#Cakimin
#DPP_PKB https://t.co/ODy1xEtBeR",
129,Asikirawan,@talijagad_id @AfifFuadS @DPP_PKB @cakimiNOW Lah emang kalo NU wajib pilih cak imin? Lucu sekali anda menjudge org gasuka mbah hasyim. Minimal punya trck record walikota atau gubernur lah biar kita tau gimana kinerja calon pemimpin negeri ini.,Malang
130,Iswanpoluli2,@cakimiNOW Alhamdulillah.mantap pak cak imin dan PKB,
131,talijagad_id,@Jennifer_bogota @Asikirawan @AfifFuadS @DPP_PKB @cakimiNOW Ini buzzer gak mutu gelandangan politik yg hidupnya hanya buat mendengki Cak Imin itu ya Mbah @Bambangelf ?,Indonesia
132,billy4riez,"Cak Imin dan PKB Kirim Bantuan untuk Korban Gempa Turki, Adana Jadi Fokus https://t.co/8n7kdCQrSU",Jakarta
133,Wari_EL_Dawangi,"@AfifFuadS @DPP_PKB @cakimiNOW Cak Imin sudah berusaha keras narik simpati.
Tapi menurutku kurang natural.  Mungkin terlalu kepingin.","Desa Pedawang, Pekalongan."
134,radaraktual,"Cak Imin: Bakal Ada Koalisi Baru 3 Bukan ke Depan, Yang Terpecah Jadi¬†Gabung https://t.co/dFVodLXuXy",
135,Anita65219720,"@keuangannews_id SAS justru bikin elektabilitas nyungsep
Cak Imin aja ogah gandeng SAS",
136,Tak_Ngerti_apa2,@OposisiCerdas Emang Cak Imin setuju. ?...kecuali ada tekanan spt yg disampaikan bang Deny Indrayana...ktk menyampaikan  hsl pembicaraan dgn @mohmahfudmd  beberapa hr yg lalu...ya mungkin saja...üòÄüòÄüòÄ,
137,EnyPratiwi17,"Prabowo-Khofifah Dinilai Lebih Kompetitif Dibanding Cak Imin.

@prabowo

capres2024

pemilu2024

dekade08

terusmajubersamaprabowo

mendingprabowo",
138,sutiknopkb,"Selamat memperingati Isra Mi'raj Nabi Muhammad SAW.

#isramiraj 
#cakimin 
#sutikno 
#sutiknopkb https://t.co/mDknEpiqe1",
139,andyyusuf22,Prabowo dan Khofifah Terhalang Cak Imin | https://t.co/HDi2LWh0lg - https://t.co/A9GhwqkXhi https://t.co/7k8ARkP2K3,Surabaya   
140,merdekadotcom,Prabowo dan Khofifah Terhalang Cak Imin https://t.co/Iawvdru3tv,Indonesia
141,Agustanggang93,Cak imin now https://t.co/gyJB5jo7Ap,"Sumatera Utara, Indonesia"
142,Beritasatu,Peta Koalisi Pilpres 2024 Bisa Berubah Pascapertemuan Airlangga dan Cak Imin https://t.co/fVn4sR6ftl,Jakarta
143,sutiknopkb,"Mari kita bahu membahu dan terus mensukseskan agenda politik untuk mengantarkan PKB menjadi pemenang pemilu 2024 mendatang

@dpp_pkb @cakiminow @dpwpkbjakarta @pejuang_nasibrakyat @darussalam.2876 

#gusmuhaiminiskandar
#TheNext2024 
#cakimin 
#sutikno 
#sutiknopkb https://t.co/DPywJpJCYp",
144,andyyusuf22,"Cak Imin Akan Bertemu Airlangga, Prabowo Sebut KIR Terbuka Buat Golkar - https://t.co/7OwFYiNwpX https://t.co/U5XD6gqZAC",Surabaya   
145,Beritasatu,Cak Imin Kirim Bantuan untuk Korban Gempa Turki https://t.co/45aychpAhz,Jakarta
146,andyyusuf22,"PKB Kalah dari Gerindra, Cak Imin Lebih Layak jadi Cawapres Prabowo Subianto - RMOL https://t.co/EIfd12G8ai",Surabaya   
147,setro_gm,"@calonbabeh @AfifFuadS @DPP_PKB @cakimiNOW penggunaan fotonya kurang etis mas, mungkin tidak salah tapi bisa juga secara estetika, etika dan logika jadi salah. penempatan foto di poster itu lebih menonjol KH Mustofa Bisri ketimbang Cak Imin. karena posisi fotonya tidak seperti foto orang¬≤ yg dibawah¬≤ nya",
148,muhamma39967166,"#SDGsDesa 
@cakimiNOW 
@cakimin 
@DPP_PKB 
@tppkemendes 
@halimiskandarnu 
@BagusMuhaiminS1 https://t.co/a6IJWEq7xp",
149,ardiana_naya,"Prabowo-Khofifah Dinilai Lebih Kompetitif Dibanding Cak Imin.

@prabowo

capres2024

pemilu2024

dekade08

terusmajubersamaprabowo

mendingprabowo",
150,PaulinaTamara6,"Prabowo-Khofifah Dinilai Lebih Kompetitif Dibanding Cak Imin.

@prabowo

capres2024

pemilu2024

dekade08

terusmajubersamaprabowo

mendingprabowo",
151,r_zecky,"@AfifFuadS @makLambeTurah @DPP_PKB @cakimiNOW Diluar salah taroh photo, ini Yang di survey Anggota PKB wajar Cak Imin diatas, kalau warga NU yang di survey bisa aja ada nama Mbak Yeni, Gus Yaqut atau bahkan Eric Tohir",
152,SJasmiharti,"Cak Imin siap membangun Desa
#GusMuhaimin 
#gusmuhaiminteruji 
#GusMuhaiminBerangkat 
#pkbuntukbangsa https://t.co/6YxlE2TRIe",
153,ahmadhellishfau,#JokowiCakImin #JoinKepri2019 #NasionalisReligius FOLLOW | RETWEET | LIKE | KOMEN Jokowi-CakImin https://t.co/lkc63Rm2Ei,
154,Asikirawan,"@AfifFuadS @DPP_PKB @cakimiNOW Aku NU aku gak dukung cak imin. Senengane gowo"" nu gawe alat politik",Malang
155,Emerald72063957,@OposisiCerdas Cak Imin : PKB siap angkat koper üòÑüòÑüòÑ,
156,NurlinaPermata,"Prabowo-Khofifah Dinilai Lebih Kompetitif Dibanding Cak Imin.

@prabowo

capres2024

pemilu2024

dekade08

terusmajubersamaprabowo

mendingprabowo",
157,abi_hasna,@OposisiCerdas Cak Imin bgm dong,indonesia
158,fahmi_bd,"Cak Imin dan PKB Kirim Bantuan untuk Korban Gempa Turki, Adana Jadi Fokus https://t.co/dRhdOUROgY",
159,ShafaKamilaa22,"Prabowo-Khofifah Dinilai Lebih Kompetitif Dibanding Cak Imin.

@prabowo

capres2024

pemilu2024

dekade08

terusmajubersamaprabowo

mendingprabowo",Jakarta
160,EkaDmynti12,"Prabowo-Khofifah Dinilai Lebih Kompetitif Dibanding Cak Imin.

@prabowo

capres2024

pemilu2024

dekade08

terusmajubersamaprabowo

mendingprabowo",Tangerang
161,renoalydrus_,"Prabowo-Khofifah Dinilai Lebih Kompetitif Dibanding Cak Imin.

@prabowo

capres2024

pemilu2024

dekade08

terusmajubersamaprabowo

mendingprabowo",Jakarta
162,CristianEka3,"Prabowo-Khofifah Dinilai Lebih Kompetitif Dibanding Cak Imin.

@prabowo

capres2024

pemilu2024

dekade08

terusmajubersamaprabowo

mendingprabowo",
163,ptrapmngks,"Prabowo-Khofifah Dinilai Lebih Kompetitif Dibanding Cak Imin.

@prabowo

capres2024

pemilu2024

dekade08

terusmajubersamaprabowo

mendingprabowo",
164,AttaKarim10,"Prabowo-Khofifah Dinilai Lebih Kompetitif Dibanding Cak Imin.

@prabowo

capres2024

pemilu2024

dekade08

terusmajubersamaprabowo

mendingprabowo",
165,AngelinSophia,"Prabowo-Khofifah Dinilai Lebih Kompetitif Dibanding Cak Imin.

@prabowo

capres2024

pemilu2024

dekade08

terusmajubersamaprabowo

mendingprabowo",
166,KrisnaMahesa_,"Prabowo-Khofifah Dinilai Lebih Kompetitif Dibanding Cak Imin.

@prabowo

capres2024

pemilu2024

dekade08

terusmajubersamaprabowo

mendingprabowo",
167,DaffaOldyen,"Prabowo-Khofifah Dinilai Lebih Kompetitif Dibanding Cak Imin.

@prabowo

capres2024

pemilu2024

dekade08

terusmajubersamaprabowo

mendingprabowo",
168,velakhrnisa_,"Prabowo-Khofifah Dinilai Lebih Kompetitif Dibanding Cak Imin.

@prabowo

capres2024

pemilu2024

dekade08

terusmajubersamaprabowo

mendingprabowo",Jakarta
169,GHilmysag,"#GusHilmy
@DPP_PKB  @dpwpkbjatim_  @fraksipkbjatim_  @cak_imin  @halimiskandarnu https://t.co/L7xxGxdnJl",
170,saskya_natasya,"Prabowo-Khofifah Dinilai Lebih Kompetitif Dibanding Cak Imin.

@prabowo

capres2024

pemilu2024

dekade08

terusmajubersamaprabowo

mendingprabowo",
171,YuniardiReza,"Prabowo-Khofifah Dinilai Lebih Kompetitif Dibanding Cak Imin.

@prabowo

capres2024

pemilu2024

dekade08

terusmajubersamaprabowo

mendingprabowo",Jakarta
172,TirfanP,"Prabowo-Khofifah Dinilai Lebih Kompetitif Dibanding Cak Imin.

@prabowo

capres2024

pemilu2024

dekade08

terusmajubersamaprabowo

mendingprabowo",
173,ZackleenW,"Prabowo-Khofifah Dinilai Lebih Kompetitif Dibanding Cak Imin.

@prabowo

#capres2024

#pemilu2024

#dekade08

#terusmajubersamaprabowo

#mendingprabowo",
174,sieradwla_,"Prabowo-Khofifah Dinilai Lebih Kompetitif Dibanding Cak Imin.

@prabowo

#capres2024

#pemilu2024

#dekade08

#terusmajubersamaprabowo

#mendingprabowo",Bandung
175,MagnolyaSisvi,"Prabowo-Khofifah Dinilai Lebih Kompetitif Dibanding Cak Imin.

@prabowo

#capres2024

#pemilu2024

#dekade08

#terusmajubersamaprabowo

#mendingprabowo",
176,salsabil_mah,"Karena itu, bila Khofifah jadi cawapres Prabowo bukan restu Cak Imin, maka ada kemungkinan koalisi Gerindra-PKB akan bubar.

capres2024

pemilu2024

dekade08

terusmajubersamaprabowo

mendingprabowo",
177,talitaalmira2,"Jamiluddin menilai duet Prabowo-Khofifah lebih kompetitif dibandingkan Prabowo- Muhaimin Iskandar (Cak Imin).

capres2024

pemilu2024

dekade08

terusmajubersamaprabowo

mendingprabowo",
178,GTaufik,"Bisaan aja konsultan politik nyari duitnya.

Cak Imin Raih Dukungan Teratas di Uji Kekuatan Elektoral NU dari SMRC https://t.co/dCY81vuhMS",Jakarta
179,CarolineVanya,"""Yang kedua biasa silaturahmi kemarin Cak Imin sama Airlangga, Pak Prabowo dengan Bu Khofifah,"" ucap Huda.

capres2024

pemilu2024

dekade08

terusmajubersamaprabowo

mendingprabowo",Jateng
180,WahidRmdhn,"Prabowo-Khofifah Dinilai Lebih Kompetitif Dibanding Cak Imin.

capres2024

pemilu2024

dekade08

terusmajubersamaprabowo

mendingprabowo",Jakarta
181,yazid_my,Cak Imin Raih Dukungan Teratas di Uji Kekuatan Elektoral NU dari SMRC https://t.co/w3ZWrrwUMb,"Gresik, Indonesia"
182,calonbabeh,@AfifFuadS @DPP_PKB @cakimiNOW Itukan Cak Imin cium tangan Gus Mus. lagian itu relawan yg bikin. Kok komplain ke @DPP_PKB sama Cak Imin? Ente sehat???? Ancene jancuk arek iki.,Indonesia
183,KelingagusSAR80,Cak Imin Raih Dukungan Teratas di Uji Kekuatan Elektoral NU dari SMRC https://t.co/u8bBRIeq1w,"Pandeglang, Indonesia"
184,Disuruh_Iben,"Cak Imin dan PKB Kirim Bantuan untuk Korban Gempa Turki, Adana Jadi Fokus - VIVA - https://t.co/W4jcm9jFMS https://t.co/oaHfxQ2Fvl #IndonesiaKuat #BangkitBersama",Pulau Impian
185,Disuruh_Iben,Cak Imin: Hentikan Kekerasan pada Perempuan dan Anak - https://t.co/PsQJkx1iFm https://t.co/QaaXwCri32 #IndonesiaKuat #BangkitBersama,Pulau Impian
186,Disuruh_Iben,"PKB Dukung Cak Imin-Prabowo Maju Pilpres 2024, Anies Baswedan Pesaing Kuat? - https://t.co/tRNS3ctLij https://t.co/7IR5EyJE9O #IndonesiaKuat #BangkitBersama",Pulau Impian
187,VIVAcoid,"Cak Imin dan PKB Kirim Bantuan untuk Korban Gempa Turki, Adana Jadi Fokus https://t.co/NZuORy41uB",
188,IDNTimes,"PKB Kirim Bantuan untuk Gempa Turki, Pasang Foto Cak Imin di Kardus https://t.co/8VeXq0NRXf",
189,m4cmoore,"Dukungan sudah mulai bermunculan Cak Imin 2024
@baGUSMUHAIMIN24 
@BagusMuhaiminS1 @cakimiNOW @LilisRitonga
@afdimarwan @ErwinLoebis77 @FahmiJuanda1 @Husein88Srg
@RitongaMunir @bgs_IminLabusel https://t.co/XUinYRnVhV",indonesia
190,Kanaya_putri8,"Karena itu, bila Khofifah jadi cawapres Prabowo bukan restu Cak Imin, maka ada kemungkinan koalisi Gerindra-PKB akan bubar.

capres2024

pemilu2024

dekade08

terusmajubersamaprabowo

mendingprabowo",
191,lailaaa045,"Menurut Jamiluddin, kalau Khofifah nantinya jadi cawapresnya Prabowo, maka tertutup peluang Muhaimin Iskandar (cak Imin) untuk menjadi cawapres.

capres2024

pemilu2024

dekade08

terusmajubersamaprabowo

mendingprabowo",
192,acer_merah,"@cakimiNOW 
Luar biasa cak imin... https://t.co/YhrfR8BRhv",
193,bgs_IminLabusel,"Dukungan sudah mulai bermunculan Cak Imin 2024
@baGUSMUHAIMIN24 
@BagusMuhaiminS1 @cakimiNOW @LilisRitonga
@afdimarwan @ErwinLoebis77 @FahmiJuanda1 @Husein88Srg
@RitongaMunir https://t.co/N23E8Q9q0c",
194,acer_merah,"@cakimiNOW 
Luar biasa cak imin https://t.co/D2YbQwYDyZ",
195,WildanIlmi1,"""Yang kedua biasa silaturahmi kemarin Cak Imin sama Airlangga, Pak Prabowo dengan Bu Khofifah,"" ucap Huda.

capres2024

pemilu2024

dekade08

terusmajubersamaprabowo

mendingprabowo",
196,SyifaNadiray,"Karena itu, bila Khofifah jadi cawapres Prabowo bukan restu Cak Imin, maka ada kemungkinan koalisi Gerindra-PKB akan bubar.

capres2024

pemilu2024

dekade08

terusmajubersamaprabowo

mendingprabowo",Serpong
197,niken_michelle,"Menurut Jamiluddin, kalau Khofifah nantinya jadi cawapresnya Prabowo, maka tertutup peluang Muhaimin Iskandar (cak Imin) untuk menjadi cawapres.

capres2024

pemilu2024

dekade08

terusmajubersamaprabowo

mendingprabowo",
198,LusiaCarol,"Prabowo-Khofifah Dinilai Lebih Kompetitif Dibanding Cak Imin.

capres2024

pemilu2024

dekade08

terusmajubersamaprabowo

mendingprabowo",
199,Disuruh_Iben,Cak Imin Sebut NU Maju karena Gus Dur: Yang Dimusuhi Saja Hidup - SINDOnews Nasional https://t.co/2g5DExIb9s #IndonesiaKuat #BangkitBersama,Pulau Impian
200,KanzaAuliya1,"""Yang kedua biasa silaturahmi kemarin Cak Imin sama Airlangga, Pak Prabowo dengan Bu Khofifah,"" ucap Huda.

capres2024

pemilu2024

dekade08

terusmajubersamaprabowo

mendingprabowo",
201,DavinaPutri11,"Menurut Jamiluddin, kalau Khofifah nantinya jadi cawapresnya Prabowo, maka tertutup peluang Muhaimin Iskandar (cak Imin) untuk menjadi cawapres.

capres2024

pemilu2024

dekade08

terusmajubersamaprabowo

mendingprabowo",
202,MutiaRahhma11,"""Yang kedua biasa silaturahmi kemarin Cak Imin sama Airlangga, Pak Prabowo dengan Bu Khofifah,"" ujar Huda.

capres2024

pemilu2024

dekade08

terusmajubersamaprabowo

mendingprabowo",Jakarta
203,YuniardiReza,"Karena itu, bila Khofifah jadi cawapres Prabowo bukan restu Cak Imin, maka ada kemungkinan koalisi Gerindra-PKB akan bubar.

capres2024

pemilu2024

dekade08

terusmajubersamaprabowo

mendingprabowo",Jakarta
204,TirfanP,"Jamiluddin menilai duet Prabowo-Khofifah lebih kompetitif dibandingkan Prabowo- Muhaimin Iskandar (Cak Imin).

capres2024

pemilu2024

dekade08

terusmajubersamaprabowo

mendingprabowo",
205,yudhiyustira22,@AhmadSu68139215 @GUSDURians Wah ini gonta ganti e..bingungi..Gus muhaimin..cak imin..Gus Ami..ü§£ü§£,"Kota Palu, Sulawesi Tengah"
206,gaya_gus,Cak Imin Raih Dukungan Teratas di Uji Kekuatan Elektoral NU dari SMRC https://t.co/Ko2N3lhKsh,
207,dpcpkbjaksel,"Saiful Mujani Research and Consulting merilis hasil survei calon potensial dgn latar belakang dari Nahdlatul Ulama (NU). Hasilnya Ketum PKB, @cakimin menempati posisi teratas sebagai calon presiden dari kalangan NU

@DPP_PKB @Alam_PKBJaksel

https://t.co/hhwWP4clUI",
208,FransiscusRila1,Cak Imin Raih Dukungan Teratas di Uji Kekuatan Elektoral NU dari SMRC https://t.co/AGYg1OCsmg,
209,aaachmar,"@cakimiNOW 
Luar biasa cak imin https://t.co/XrwBToJSOy",Aceh Nagan - indonesia
210,roeljogja79,@sandi_io ini yg ngusung siapa? pkb kartu mati harus cak imin..,
211,AlayBerisik,@syaltout @Gojekmilitan @DivHumas_Polri @PPATK Yang jelas gojek militan banyak kerja sukarela..daripada kau produkkksi malingg di KPK lebihh banyakkk.. cak Imin + Romli + Imam + Lukman +!yaqult dll üòÖüòÖüòÖüòÅüòÄ makanya kau jadikan PKI pura 2 NU,
212,Disuruh_Iben,"Oknum PPK Terancam PAW Setelah Posting Cak Imin Ketum PKB Melalui Fb, Berikut Keterangan KPU Nunukan - Tribun Kaltara https://t.co/LqUVqbmykl #IndonesiaKuat #BangkitBersama",Pulau Impian
213,Disuruh_Iben,"Cak Imin Usulkan Penghapusan Gubernur, Mengapa? - Harian Haluan - Harian Haluan Network https://t.co/M6FWNvCZRK #IndonesiaKuat #BangkitBersama",Pulau Impian
214,haelamarie,Kata PKB Soal Gerindra yang Sebut Cak Imin Cawapres Terkuat Prabowo - https://t.co/gdGRaDK9kT https://t.co/o6ghEJObYv #IndonesiaKuat #BangkitBersama,Indonesia
215,EtiWisma,"Cak Imin Raih Dukungan Teratas di Uji Kekuatan Elektoral NU dari SMRC. Seorang calon pemimpin yang visionerüëç https://t.co/JR7AhtBG7f
@cakimiNOW 
@EmHasanuddin 
@DPP_PKB 
@Jazilul_Fawaid 
@zainul_munas 
@Brigade01Arwan1 
@Mursyidan10 https://t.co/uOgX7s3JPf",
216,03Heriani,"Bismillah Allahumma bibarkati poro ulama NU 

#CakImin #GusMuhaimin #Muhaimin #MuhaiminIskandar #SatuAbadNU #NahdlatulUlama #NU https://t.co/gobypoZGFv",
217,Disuruh_Iben,Berita Prabowo :  Kata PKB Soal Gerindra yang Sebut Cak Imin Cawapres Terkuat Prabowo Subianto - https://t.co/v8eGYL9JfV https://t.co/rAnv7LfmKB #IndonesiaKuat #BangkitBersama,Pulau Impian
218,Disuruh_Iben,Kata PKB Soal Gerindra yang Sebut Cak Imin Cawapres Terkuat Prabowo Subianto - https://t.co/v8eGYL9JfV https://t.co/j1Y6DMjGhM #IndonesiaKuat #BangkitBersama,Pulau Impian
219,MakmurS7x,"Cak Imin Terima Mandat dari Ratusan Kades se-Jatim di Pilpres 2024 https://t.co/62y4dCCGp7 lewat @okezonenews 
@baGUSMUHAIMIN24 
@BagusMuhaiminS1 @cakimiNOW @LilisRitonga
@afdimarwan @ErwinLoebis77 @FahmiJuanda1 @Husein88Srg
@RitongaMunir","Sumatera Utara, Indonesia"
220,dpwpkbjabar,"FoodBank 17 Februari 2023
Kali ini PKB Jabar melaksanakan giat foodbank di daerah Jl. babakan Cianjur, Desa Campaka, Kecamatan Andir Kota Bandung tepatnya di warung bu Ira
#Foodbank #giveaway #makanan #infobandung #GusMuhaimin #cakimin #MuhaiminIskandar #syaifulhuda  #umkm #andir https://t.co/5rYl55Y5ZN","Kota Bandung, Jawa Barat"
221,CutRismanita,"Cak Imin Raih Dukungan Teratas di Uji Kekuatan Elektoral NU dari SMRC. Seorang calon pemimpin yang visionerüëç https://t.co/9gDECJlQp3
@cakimiNOW 
@EmHasanuddin 
@DPP_PKB 
@Jazilul_Fawaid 
@zainul_munas 
@Brigade01Arwan1 
@Mursyidan10 https://t.co/XoKS2PzvTu","Aceh, Indonesia"
222,roeljogja79,@Umar_Hasibuan__ teman seperjuangan pasangan pak timbul cak imin,
223,rmp_officials,"Cak Imin menerima mandat dari Desa untuk menjadi Capres 2024 karena telah berjasa memperjuangkan UU Desa 

#CakImin #GusMuhaimin #Muhaimin #MuhaiminIskandar #Capres2024 #Pilpres2024 https://t.co/f5SmriA630",
224,wellyharlindo1,Cak Imin Raih Dukungan Teratas di Uji Kekuatan Elektoral NU dari SMRC https://t.co/wCIWm4JfXS,"Bandar Lampung, Lampung"
225,ahmadhellishfau,#JokowiCakImin #JoinKepri2019 #NasionalisReligius FOLLOW | RETWEET | LIKE | KOMEN Jokowi-CakImin https://t.co/zCopeg7KgM,
226,chairul20067527,"Raih Dukungan Teratas di Uji Kekuatan Elektoral NU dari SMRC. Cak Imin Seorang calon pemimpin yang visionerüëç 
@cakimiNOW
@EmHasanuddin
@DPP_PKB 
@Jazilul_Fawaid
 @zainul_munas
@Brigade01Arwan1
@SukoyoKasekpro
@Mursyidan10 https://t.co/E17OGoJY1s",
227,MohdYoga4,"#CakImin Raih Dukungan #BudalGus1 Teratas SMRC Survey Uji Kekuatan Elektoral NU
#GusMuhaiminBerangkat 
@cakimiNOW @DPP_PKB  @EmHasanuddin  @baGUSMUHAIMIN24  @BagusMuhaiminS1 @Brigade01Arwan1 @Mursyidan10 @HasanZulfahmi @AcehTpp
üëâBACAüëáüëáüëá https://t.co/XBCaYsog13","Bireuen, Nangro Aceh Darussala"
228,zulhelm78263067,"Cak Imin Raih Dukungan Teratas di Uji Kekuatan Elektoral NU dari SMRC. Seorang calon pemimpin yang visionerüëç https://t.co/tolQMR9qgc
@cakimiNOW 
@EmHasanuddin 
@DPP_PKB 
@Jazilul_Fawaid 
@zainul_munas 
@Brigade01Arwan1 
@Mursyidan10 https://t.co/ZO1tdJjcL3",
229,Marzuki72817719,"Cak Imin Raih Dukungan Teratas di Uji Kekuatan Elektoral NU dari SMRC. Seorang calon pemimpin yang visionerüëç https://t.co/YtfNfhIT8N
@cakimiNOW 
@EmHasanuddin 
@DPP_PKB 
@Jazilul_Fawaid 
@zainul_munas 
@Brigade01Arwan1 
@SukoyoKasekpro
@Mursyidan10 https://t.co/ulFkjueHZi",
230,MansurLb,"Cak imin raih kekuatan serta dukungan teratas, uji elektoral Nu dari SMRC salah satu calon pemimpin yang sangat visionerüí™üëçhttps://t.co/plHFQPm0ij
@cakimiNOW 
@EmHasanuddin 
@DPP_PKB 
@Jazilul_Fawaid 
@zainul_munas
@Brigade01Arwan1 
@Mursyidan10 https://t.co/EVD62wygS1",
231,queena_atik,"Cak Imin Raih Dukungan Teratas di Uji Kekuatan Elektoral NU dari SMRC. Seorang calon pemimpin yang visionerüëç https://t.co/lkVx6pgGly
@cakimiNOW 
@EmHasanuddin 
@DPP_PKB 
@Jazilul_Fawaid 
@zainul_munas 
@Brigade01Arwan1 
@Mursyidan10 https://t.co/zLdqf54y9N",
232,Peni_Asih,"Alhamdulillah
Aku ra percoyo cak imin",Indonesia
233,ahmadhellishfau,#JokowiCakImin #JoinKepri2019 #NasionalisReligius FOLLOW | RETWEET | LIKE | KOMEN Jokowi-CakImin https://t.co/aGBoK6PMa8,
234,hafizmysoon74,"Berkomitmen akan menjadikan masukan Pembangunan Daerah sebagai agenda Nasional kata Cak Imin
#BudalGus
#GusMuhaiminBerangkat 
@cakimiNOW
@Jazilul_Fawaid
@EmHasanuddin
@IrmawanPKB
@DPP_PKB
@zainul_munas
@SukoyoKasekpro
@zainul_munas
@Yusrikasem1
@Mursyidan10 https://t.co/jLRLqcc0jw",pijay
235,alfisahdinardi,"Pernyataan Responsif Prabowo Subianto Tanggapi Niat Cak Imin Bertemu Golkar
https://t.co/hnp3IfXtfu
#IndonesiaKuat #IkutPakde Prabowo Subianto",
236,alisyarief,"Survei SMRC Khusus NU: Elektabilitas Cak Imin, Mahfud dan Khofifah Seimbang https://t.co/FtZU6wLeDO","-6.252543,106.806343"
237,15Meisika,Cak Imin Raih Dukungan Teratas di Uji Kekuatan Elektoral NU dari SMRC https://t.co/EaAyWsszn4,
238,Disuruh_Iben,"Tetap Usung Cak Imin di Pilpres 2024, PKB Tutup Pintu untuk Calon Lain - https://t.co/aq1uhiUil6 https://t.co/4fKWc1ZbHY #IndonesiaKuat #BangkitBersama",Pulau Impian
239,Disuruh_Iben,"PAN soal Pertemuan Cak Imin-Airlangga: Kami Sambut Baik, PKB Itu KIB Banget - https://t.co/OGzeinmL2w - https://t.co/OGzeinmL2w https://t.co/iJwUMedYcf #IndonesiaKuat #BangkitBersama",Pulau Impian
240,dpwpkbjabar,"Jadikan Desa sebagai prioritas pembangunan abad 21.

#nu #1abadnu #gusmuhaimin #muhaiminiskandar #anakyatim #pkb #cakimin #syaifulhuda #acepjamaludin #desa #indonesia
#indonesiaemas

PKB Ka 1
Jabar nga 1

@dpp_pkb @cakiminow @emhasanuddin @syaifulhooda @AcepJamaludin01 https://t.co/lmDrq5bHUm","Kota Bandung, Jawa Barat"
241,Gus_Tamim_,"Dari Desa untuk Indonesia
Budal Gus !
@cakimiNOW #gusmuhaiminpresident2024 
#akunuakupkb #mandatdesa 
#cakimin #GusMuhaimin @DPP_PKB @dpwpkbjatim_ https://t.co/lcu1aXpNzC",
242,PKBTulungagung,Cak imin Raih dukungan teratas di uji kekuatan elektoral NU. https://t.co/TiosDSRubR,"Tulungagung, Jawa Timur"
243,PKBTulungagung,Cak imin Raih dukungan teratas di uji kekuatan elektoral NU. https://t.co/mrODzQU5mM,"Tulungagung, Jawa Timur"
244,Thou_Pick,@liputan6dotcom emang ada yg dukung Cak Imin ???,
245,Ollan395,@kenzie_03012007 hahaha....halu nya ktinggian cak imin,
246,gaspoll2024,"Cak Imin Raih Dukungan Teratas di Uji Kekuatan Elektoral NU dari SMRC

#gaspoll #GusMuhaiminAsikPoll https://t.co/LBWBYLjssI","DKI Jakarta, Indonesia"
247,lunte_yunita,Cak Imin Bukan Politisi BAPER https://t.co/EsxBjULhmH,
248,BimataIndonesia,Cak Imin Hingga Khofifah Masuk Bursa Capres-Cawapres dari Tokoh¬†NU https://t.co/Ewkh9EYlzE,Indonesia
249,ahmadhellishfau,#JokowiCakImin #JoinKepri2019 #NasionalisReligius FOLLOW | RETWEET | LIKE | KOMEN Jokowi-CakImin https://t.co/TXWQ0j3ptH,
250,EErupley,#cakimin https://t.co/AgmQvs0eOJ,
251,Dicky3hook,#CakImin https://t.co/svp6zgYVJe,
252,mbisritanjaly75,"#gusmuhaiminberangkat
Cak Imin Raih Dukungan Teratas di Uji Kekuatan Elektoral NU dari SMRC https://t.co/17c8bmCPko",
253,Jhonkosmik,@jatmiko99604253 Bagus juga kalau Cak Imin-Anies,
254,rudiiriandi,"@liputan6dotcom Sdh ketahuan sekarang calon presiden satu lagi, fixed saat ini belum tertarik sama Cak Imin. Lanjutkan Cak Imin, semoga berhasil....","Tanjungpinang, Kepulauan Riau "
255,jatmiko99604253,"@Jhonkosmik Ahy nya juga gak pede , kalah sama cak Imin",
256,Hen43025717,"# cak imin
#huda
#Oleh Soleh https://t.co/2Wp3oqoXRF",
257,Disuruh_Iben,"Tetap Usung Cak Imin di Pilpres 2024, PKB Tutup Pintu untuk Calon Lain - https://t.co/aq1uhiUil6 https://t.co/NqXuEJywJc #IndonesiaKuat #BangkitBersama",Pulau Impian
258,Disuruh_Iben,"PKB Tetap Dukung Cak Imin Maju Pilpres, Minta Khofifah Tetap Jadi Gubernur Jawa Timur - https://t.co/v8eGYL9JfV https://t.co/S1hQbK80CI #IndonesiaKuat #BangkitBersama",Pulau Impian
259,Disuruh_Iben,PKB Sebut Cak Imin Bukan Usul Hapus Jabatan Gubernur Tapi Pilgubnya - VIVA - https://t.co/W4jcm9jFMS https://t.co/TsCJoRYvCE #IndonesiaKuat #BangkitBersama,Pulau Impian
260,ceklissatucom,"Tetap Usung Cak Imin di Pilpres 2024, PKB Tutup Pintu untuk Calon Lain https://t.co/G76SNuh09U","Bogor, Indonesia"
261,rmp_officials,"Bismillah Allahumma bibarkati poro ulama NU 

#CakImin #GusMuhaimin #Muhaimin #MuhaiminIskandar #SatuAbadNU #NahdlatulUlama #NU https://t.co/Jqf5HehJdV",
262,SitaWarohma,"Cak Imin Mengaku Tak Tahu soal Pertemuan Prabowo-Khofifah.

@prabowo

capres2024

pemilu2024

dekade08

terusmajubersamaprabowo

mendingprabowo",
263,AnastiDina,"Cak Imin Mengaku Tak Tahu soal Pertemuan Prabowo-Khofifah.

@prabowo

capres2024

pemilu2024

dekade08

terusmajubersamaprabowo

mendingprabowo",
264,YunitaSyafa2,"Cak Imin Mengaku Tak Tahu soal Pertemuan Prabowo-Khofifah.

@prabowo

capres2024

pemilu2024

dekade08

terusmajubersamaprabowo

mendingprabowo",
265,apip_mustari,"#CakImin
#SaifulHoda
#Z_OlehSoleh https://t.co/jIwGvXHkFd",Tanjungjaya Tasikmalaya
266,fathw25,Cak Imin Diminta Segera Bicarakan Hasil Ijtima Ulama dengan ... - https://t.co/Q2HdyNczgV https://t.co/4pNQcOAX6u #IndonesiaKuat #BangkitBersama,
267,fathw25,"Disinggung Duet Bareng Puan, Cak Imin: Tanya Pak Prabowo Dulu - SINDOnews Nasional https://t.co/bHM6JCVgwd #IndonesiaKuat #BangkitBersama",
268,usmanulim,"Cak Imin Raih Dukungan Teratas di Uji Kekuatan Elektoral NU dari SMRC
Alhamdulillah...
#GusMuhaiminBerangkat 
@cakimiNOW
@Jazilul_Fawaid
@EmHasanuddin
@IrmawanPKB
@DPP_PKB
@zainul_munas
@SukoyoKasekpro
@zainul_munas
@Yusrikasem1
@Mursyidan10

 https://t.co/opLvJahmW0",
269,utadmuhtadi1982,"#cakimin 
#olehsoleh 
#huda https://t.co/7oIwgcB3IX",
270,InfoJktCom,"Di Hadapan Cak Imin, Ketua IMM Jakarta: Calon Pemimpin Jangan Bermodal Survei Saja https://t.co/OjjELiSVed",Jakarta
271,PoppyYanti1,"Cak Imin Mengaku Tak Tahu soal Pertemuan Prabowo-Khofifah.

capres2024

pemilu2024

dekade08

terusmajubersamaprabowo

mendingprabowo",Lembang
272,SeputarPemilu,Dampak Pertemuan Airlangga dan Cak Imin Bisa Mengubah Peta Koalisi di Pemilu 2024 - https://t.co/pZeYVnlPjG https://t.co/pdPiICnlyu,Indonesia
273,lpppkbpas,"Cak Imin tidak bisa diragukan lagi soal ke-NU-an, beliau lahir, besar dan dididik oleh keluarga NU!

#CakImin #GusMuhaimin #Muhaimin #MuhaiminIskandar #SatuAbadNU #NahdlatulUlama #NU #LPPPKBKabPasuruan https://t.co/pgqEUTsVqW",
274,Firmansyahlepi,"*Cak Imin Raih Dukungan Teratas di Uji Kekuatan Elektoral NU dari SMRC*

https://t.co/jU53zyuE8Y

2024 GUS MUHAIMIN PRESIDEN","Cianjur, Indonesia"
275,fitra_mirza,"#BudalGus
#GusMuhaiminBerangkat 
@cakimiNOW
@Jazilul_Fawaid
@EmHasanuddin
@IrmawanPKB
@DPP_PKB
@zainul_munas
@SukoyoKasekpro
@zainul_munas
@Yusrikasem1
@Mursyidan10
Berkomitmen akan menjadikan masukan Pembangunan Daerah sebagai agenda Nasional kata Cak Imin https://t.co/dqgWLdWxw2","Meureudu, Indonesia"
276,Kop15achet,@Bambangelf Cakimin pancen oyyee..,
277,Disuruh_Iben,Cak Imin Harap Bisa Deklarasi Capres-Cawapres Sebelum Ramadan - CNN Indonesia https://t.co/dElXwZekGR #IndonesiaKuat #BangkitBersama,Pulau Impian
278,merdekadotcom,"PKB: Khofifah Gubernur Jatim Saja, Cak Imin yang Terbaik untuk Pemilu 2024 https://t.co/QPoNVERjSz",Indonesia
279,liputan6dotcom,"Dukung Cak Imin di Pilpres 2024, PKB Tutup Pintu untuk Calon Lain https://t.co/dvcZXRJ8Wy",INDONESIA
280,akuratco,"Gerindra: Cak Imin Calon Kuat Dampingi Prabowo di Pilpres 2024

https://t.co/h0kzjK9xvY",Jakarta Capital Region
281,NgalimanMS,"Cak Imin meraih dukungan teratas uji kekuatan elektoral NU dari SMRC https://t.co/i4CQZf3QeY
@cakimiNOW 
@EmHasanuddin 
@DPP_PKB 
@Jazilul_Fawaid 
@SukoyoKasekpro
@zainul_munas 
@Brigade01Arwan1 
@Mursyidan10
@NgalimanMS",Aceh Utara
282,nfnkristiono8,"@cakimiNOW Lha wong selama ini lgs kena sunat terus Cak Imin. Skr dah baik lgs diterima yg berhak, kl ada masalah tinggal diperbaiki aja. Cak Imin kok punya ide justru set back sih.",
283,Disuruh_Iben,"Ikhlaskah Cak Imin, Jika Prabowo Subianto Pilih Khofifah Jadi Cawapres? - https://t.co/rMcvXyHo1a - https://t.co/rMcvXyHo1a https://t.co/pGlLjtpiRN #IndonesiaKuat #BangkitBersama",Pulau Impian
284,SidikAhmadd1,"Cak Imin Mengaku Tak Tahu soal Pertemuan Prabowo-Khofifah.

@prabowo

capres2024

pemilu2024

dekade08

terusmajubersamaprabowo

mendingprabowo",Bekasi
285,MaulAkbar12,"Cak Imin Mengaku Tak Tahu soal Pertemuan Prabowo-Khofifah.

@prabowo

capres2024

pemilu2024

dekade08

terusmajubersamaprabowo

mendingprabowo",Jakarta
286,danaal13,"Cak Imin Pemimpin masa depan bangsa 
@cakimiNOW 
@EmHasanuddin 
@DPP_PKB 
@Jazilul_Fawaid 
@zainul_munas 
@Brigade01Arwan1 
@Mursyidan10 https://t.co/LYxoyUdLT0",
287,Suhermanssee,"Cak Imin Pemimpin masa depan bangsa 
@cakimiNOW 
@EmHasanuddin 
@DPP_PKB 
@Jazilul_Fawaid 
@zainul_munas 
@Brigade01Arwan1 
@Mursyidan10 https://t.co/NyzJo3kUs0","Aceh Besar, Aceh"
288,MadonaPrimadi,"Cak Imin Mengaku Tak Tahu soal Pertemuan Prabowo-Khofifah.

@prabowo

capres2024

pemilu2024

dekade08

terusmajubersamaprabowo

mendingprabowo",Jakartaa
289,darmaji_widi,"Cak Imin Mengaku Tak Tahu soal Pertemuan Prabowo-Khofifah.

@prabowo

capres2024

pemilu2024

dekade08

terusmajubersamaprabowo

mendingprabowo",Sumatra
290,liputan6dotcom,Dampak Pertemuan Airlangga dan Cak Imin Bisa Mengubah Peta Koalisi di Pemilu 2024 https://t.co/hxXU0FODcJ,INDONESIA
291,kopihpbi,Cak Imin Usulkan Dana Desa Rp 5 Miliar Per Tahun By BeritaSatu ‚Äì https://t.co/FaH3hgh3Go ‚Äì #Opsiin #Kamidi¬†#Opsiminfo https://t.co/60Eo1k1tgS,
292,HidayantiWisma,"Cak Imin Mengaku Tak Tahu soal Pertemuan Prabowo-Khofifah.

@prabowo

capres2024

pemilu2024

dekade08

terusmajubersamaprabowo

mendingprabowo",Bandung
293,DwiSiva3,"Cak Imin Mengaku Tak Tahu soal Pertemuan Prabowo-Khofifah.

@prabowo

capres2024

pemilu2024

dekade08

terusmajubersamaprabowo

mendingprabowo",Kediri
294,EnyPratiwi17,"Cak Imin Mengaku Tak Tahu soal Pertemuan Prabowo-Khofifah.

@prabowo

capres2024

pemilu2024

dekade08

terusmajubersamaprabowo

mendingprabowo",
295,SalmaRamania,"Cak Imin Mengaku Tak Tahu soal Pertemuan Prabowo-Khofifah.

@prabowo

#capres2024

#pemilu2024

#dekade08

#terusmajubersamaprabowo

#mendingprabowo",Bekasi
296,LathifaYani,"Cak Imin Mengaku Tak Tahu soal Pertemuan Prabowo-Khofifah.

@prabowo

#capres2024

#pemilu2024

#dekade08

#terusmajubersamaprabowo

#mendingprabowo",Pluit
297,PrabaswaraRifqi,"Cak Imin Mengaku Tak Tahu soal Pertemuan Prabowo-Khofifah.

@prabowo

#capres2024

#pemilu2024

#dekade08

#terusmajubersamaprabowo

#mendingprabowo",
298,WahidRmdhn,"Cak Imin Mengaku Tak Tahu soal Pertemuan Prabowo-Khofifah.

@prabowo

#capres2024

#pemilu2024

#dekade08

#terusmajubersamaprabowo

#mendingprabowo",Jakarta
299,ThohirSyarief,@prabowo Terus jadi berpasangan dengan cak imin pak?,"Kota Surabaya, Jawa Timur"
300,haelamarie,"Umumkan soal Capres-Cawapres, Cak Imin: Semoga Bulan Depan Ada Keputusan - https://t.co/ew5SRuc3Mg https://t.co/4HMqwqkhAG #IndonesiaKuat #BangkitBersama",Indonesia
301,Disuruh_Iben,"Ikhlaskah Cak Imin, Jika Prabowo Subianto Pilih Khofifah Jadi Cawapres? - https://t.co/rMcvXyHo1a https://t.co/bzUpZytO0s #IndonesiaKuat #BangkitBersama",Pulau Impian
302,tawajkt,"Inilah Jeleknya!

PKB Halangi Khofifah Saingi Cak Imin: Lebih Baik Lanjut Jadi Gubernur Jatim.

Pada hal Khofifah lebih potential dan punya nilai jual dari pada Muhaimin. https://t.co/UXEiAVvevr","Makassar-Jakarta, Indonesia "
303,Dinaismawardan1,"Muhaimin Iskandar, Cak Imin meraih posisi teratas dalam survei SMRC yang mengukur tingkat elektabilitas beberapa tokoh NU
https://t.co/DnXhPS5Zrx",
304,bundazira_sari,Cak Imin raih dukungan teratas dalam survei SMRC https://t.co/LXYBtuw5gX,"Lampung, Indonesia"
305,wpuji992,"https://t.co/sC2MXqE7jC

Baca artikel detiknews, ""Cak Imin Raih Dukungan Teratas di Uji Kekuatan Elektoral NU dari SMRC"" selengkapnya https://t.co/OBMPFpwSdk.

Download Apps Detikcom Sekarang https://t.co/cQjC2xtHqF",
306,liputan6dotcom,"Umumkan soal Capres-Cawapres, Cak Imin: Semoga Bulan Depan Ada Keputusan https://t.co/dRM2KrJDCJ",INDONESIA
307,Samuder53291026,"10 tahun yg lalu saat menggantar #MariAlkatiri silaturaheem ke rumah dinas @cakimiNOW,beliau sambil bercanda mengatakan bhw apapun yg dilakukan dan di prediksi ttg #Pesantren akhirnya #PKB juga yg jadi pilihan para Kyahi dan Santri.Jatim gudangnya Pesantren tanpa #Cakimin, hati2! https://t.co/Dv8wRxS6cX","DKI Jakarta, Indonesia"
308,Disuruh_Iben,Ijtima Ulama Nusantara: Cak Imin harus menangkan PKB pada 2024 - ANTARA Jogja https://t.co/af1KIasX7h #IndonesiaKuat #BangkitBersama,Pulau Impian
309,Samuder53291026,"@prabowo konon berpeluang kalah di #Jatim krn @KhofifahIP lbh menjanjikan.ttp jgn lupa ada #PKB yg jadi mesin suara di sini dan itu identik dgn #CakImin bukan #khofifah.Krn @Gerindra belum memenuhi PT 20%. Dibutuhkan komitmen dlm berkoalisi. 
@cakiminNOW
https://t.co/afcjs0h3jQ","DKI Jakarta, Indonesia"
310,PutraHazell,"Cak Imin Mengaku Tak Tahu soal Pertemuan Prabowo-Khofifah.

capres2024

pemilu2024

dekade08

terusmajubersamaprabowo

mendingprabowo",
311,AnjaniRiffa,"Ada Sinyal Duet Prabowo dan Khofifah di Pilpres 2024, Bagaimana Nasib Cak Imin?.

capres2024

pemilu2024

dekade08

terusmajubersamaprabowo

mendingprabowo",
312,haelamarie,Prabowo Cak Imin Kemungkinan Dideklarasikan Sebelum Ramadan - https://t.co/nlxPe7gcLy https://t.co/vb9OaYaxfK #IndonesiaKuat #BangkitBersama,Indonesia
313,RCendira,"""Jika Prabowo memilih Khofifah sebagai cawapresnya, Cak Imin masih punya waktu untuk membawa PKB ke mana dengan syarat kursi cawapres harus miliknya,"" jelas Arifki.

capres2024

pemilu2024

dekade08

terusmajubersamaprabowo

mendingprabowo",Seraton
314,rioseptiann_,"Ada Sinyal Duet Prabowo dan Khofifah di Pilpres 2024, Bagaimana Nasib Cak Imin?.

capres2024

pemilu2024

dekade08

terusmajubersamaprabowo

mendingprabowo",
315,BentengSumbar,"PKB Halangi Khofifah Saingi Cak Imin: Lebih Baik Lanjut Jadi Gubernur Jatim

https://t.co/hSBN1TEk5g",Padang
316,satupersepsi,"- Social Experiment -

Kami memberikan beberapa pertanyaan kepada milenial dan gen z.
1. Kenal gak sama Gus Muhaimin?
2. Apa jabatan Gus Muhaimin saat ini?

Berikut hasilnya

#socialexperiment #satupersepsi #milenial #genz #gusmuhaimin #cakimin #pkb https://t.co/gYIFlceI9H","DKI Jakarta, Indonesia"
317,Mcl781,Cak Imin Raih Dukungan Teratas di Uji Kekuatan Elektoral NU dari SMRC https://t.co/sy8ROcNXrm,
318,heraldindo,Kades Pasuruan-Probolinggo Dukung Cak Imin di Pilpres¬†2024 https://t.co/DCPkwhW14x,"Jakarta Selatan, DKI Jakarta"
319,UjangOfficial,"Cak imin raih dukungan teratas diuji kekuatan elektoral NU dari SMRC
https://t.co/rrnwgPJPe6
#pkb #gusmuhaimin #muhaiminiskandar #GusMuhaiminPresiden2024

@cakimiNOW 
@DPP_PKB
@SyaifulHooda
@jamaludin190680
@dpwpkbjabar
@Kosasih7Ujang
¬† @sahabat_k_ujang 
@UjangOfficial https://t.co/cSAJgbLE6w",
320,sahabat_k_ujang,"Cak imin raih dukungan teratas diuji kekuatan elektoral NU dari SMRC
https://t.co/rAmGtEIEoO
#pkb #gusmuhaimin #muhaiminiskandar #GusMuhaiminPresiden2024

@cakimiNOW 
@DPP_PKB
@SyaifulHooda
@jamaludin190680
@dpwpkbjabar
@Kosasih7Ujang
¬† @sahabat_k_ujang 
@UjangOfficial https://t.co/S1S9uTDQUH",
321,Aba_Mecca,@Umar_Hasibuan__ Cak Imin jg bakalan gabung üòÇ,Selalu di Hati
322,Edy_sono,@Umar_Hasibuan__ Cak Imin kemana?,
323,MRohman1978,"Memang  sudah saatnya #GusMuhaiminBerangkat menjadi Pemimpin NKRI..
 
Cak Imin Raih Dukungan Teratas di Uji Kekuatan Elektoral NU dari SMRC https://t.co/dcBERzENeB","Majalengka, Indonesia"
324,Disuruh_Iben,"IMM DKI Jakarta Gelar Bedah Gagasan Cak Imin, Kritisi Ide Tentang Indonesia - https://t.co/Z1QE1sPB8z https://t.co/dLZ4dK3AVm #IndonesiaKuat #BangkitBersama",Pulau Impian
325,Disuruh_Iben,Mahasiswa Muhammadiyah Gelar Bedah Buku Gagasan Cak Imin - https://t.co/v8eGYL9JfV https://t.co/iMaEnC0AAp #IndonesiaKuat #BangkitBersama,Pulau Impian
326,Disuruh_Iben,"Tak Terlihat Hadir di Harlah 1 Abad NU, PKB Sebut Cak Imin Kejebak Macet - VIVA - https://t.co/W4jcm9jFMS https://t.co/mhvEwV6qF9 #IndonesiaKuat #BangkitBersama",Pulau Impian
327,dpwpkbjabar,"Berdasarkan survei SMRC, diketahui tokoh2 utama NU saat ini yakni Muhaimin mendapat dukungan sebesar 18,2 persen. 
#survey #politik #pemilu2024  #GusMuhaimin #MuhaiminIskandar #cakimin #syaifulhuda #acepjamaludin #pkb #partai #nu
@dpp_pkb @cakiminow @syaifulhooda @AcepJamaludin01 https://t.co/oEU0jwg1UL","Kota Bandung, Jawa Barat"
328,Kop15achet,"@archabandung @cakimiNOW Nah, betul ini. Cakimin presiden, prabowo wapres.",
329,dpcbagustikep,"Bangkit  Bersama Untuk IndonsiaüíöüáÆüá©
Cak Imin Raih Dukungan Teratas di Uji Kekuatan Elektoral NU dari SMRC https://t.co/0Vni5abIk8",
330,Miss_Er,Cak Imin Raih Dukungan Teratas di Uji Kekuatan Elektoral NU dari SMRC https://t.co/d5IgDFkffv,in my sweet home
331,NurMuchlis9,"#BudalGus
#GusMuhaiminBerangkat
Cak Imin Raih Dukungan Teratas di Uji Kekuatan Elektoral NU dari SMRC https://t.co/28XKNVVMLv","Demak, Indonesia"
332,TwobagoesRoes,"#BudalGus
#GusMuhaiminBerangkat

Cak Imin Raih Dukungan Teratas di Uji Kekuatan Elektoral NU dari SMRC https://t.co/KkqnHVsrz9",Bandung
333,Punya2015Riza,"Emang layak kok... Cak Imin Raih Dukungan Teratas di Uji Kekuatan Elektoral NU dari SMRC
@cakimiNOW
@DPP_PKB 
@dpwpkbjabar
@SyaifulHooda
@baGUSMUHAIMIN24
@Brigade01Arwan1
@CecepKholiludi1
https://t.co/F36yElE1Dn","DKI Jakarta, Indonesia"
334,TaminNamat,Gerindra: Cak Imin Termasuk Calon Kuat Cawapres Prabowo https://t.co/YjeLCRXQpl,
335,SyariJamah,Cak Imin Raih Dukungan Teratas di Uji Kekuatan Elektoral NU dari SMRC https://t.co/IQohfOlo8I,
336,AsepBinangkit,"#BudalGus!
#GusMuhaiminBerangkat
@cakimiNOW
Cak Imin Raih Dukungan Teratas di Uji Kekuatan Elektoral NU dari SMRC https://t.co/PI5eUlVAPC",Majalengka
337,talkaboutthis__,"Pertemuan Airlangga Hartarto dan Muhaimin Iskandar üíõüíö 

#AirlanggaHartarto #golkarindonesia #PKB #MuhaiminIskandar #cakimin #capres2024 #pilores2024 #AntManAndTheWaspQuantumania https://t.co/QkXKX7sN0E",
338,Tarmizi_75,"#BudalGus
#GusMuhaiminBerangkat
Cak Imin Raih Dukungan Teratas di Uji Kekuatan Elektoral NU dari SMRC",
339,sutiyono_arif,Cak Imin Raih Dukungan Teratas di Uji Kekuatan Elektoral NU dari SMRC https://t.co/jVplwbxy11,Jepara
340,A_hudaya21,Cak Imin Raih Dukungan Teratas di Uji Kekuatan Elektoral NU dari SMRC https://t.co/QqS4BKjDgH,
341,Deje0411,"#BudalGus
#GusMuhaiminBerangkat
Cak Imin Raih Dukungan Teratas di Uji Kekuatan Elektoral NU dari SMRC https://t.co/uToufalrdD",
342,pkb_pabardaya,"Cak Imin Raih Dukungan Teratas di Uji Kekuatan Elektoral NU dari SMRC

#gusmuhaiminteruji #GusMuhaiminBerangkat
https://t.co/xCk54evu5K","Papua Barat Daya, Indonesia"
343,albarmuges_,"Cak Imin Raih Dukungan Teratas di Uji Kekuatan Elektoral NU dari SMRC

#gusmuhaiminteruji 
https://t.co/ugd15s8MZc","Papua Barat Daya, Indonesia"
344,Jazilul_Fawaid,"Temuan hasil riset ilmiah dr SMRC ini menjadi pelecut langkah perjuangan kami untuk mengantarkan Gus Muhaimin @cakimiNOW maju di Pilpres 2024.

#BudalGus
#GusMuhaimin 
#PKB 
#cakimin 

https://t.co/S3PdJTAqo8","DKI Jakarta, Indonesia"
345,henrisabastian1,"@OposisiCerdas Mampus,@cakimiNOW pasti mencak2.Utk apa PKB koalisi dgn Gerindra,kalo peluang wapres tertutup.Cak Imin hnya jadi gedibal?
La opo nunut ke Gerindra...oleh opo?
@DPP_PKB",
346,RyanBertutur,"*Cak Imin Raih Dukungan Teratas di Uji Kekuatan Elektoral NU dari SMRC*

https://t.co/uIr3EZlZhu

#BudalGus",Sumenep-Yogyakarta-Indonesia
347,DPP_PKB,"Cak Imin Raih Dukungan Teratas di Uji Kekuatan Elektoral NU dari SMRC

https://t.co/DDvUco6GIk",Jalan Raden Saleh No 9 Jakarta
348,IsmailMangngaga,"Cak Imin Raih Dukungan Teratas di Uji Kekuatan Elektoral NU dari SMRC

https://t.co/lTVhjd755X","Sulawesi Selatan, Indonesia"
349,PKBKuningan,"Cak Imin Raih Dukungan Teratas di Uji Kekuatan Elektoral NU dari SMRC"" selengkapnya¬†https://t.co/J5h8sArqCA.
#GusMuhaiminPresiden2024

@cakimiNOW
@EmHasanuddin
@Jazilul_Fawaid
@YanuarPrihatin1
@CucunA44
@kangmaman72
@DPP_PKB
@SyaifulHooda
@jamaludin190680
@JabarPkb
@Kosasih7Ujang",
350,SitikhairSitik1,Cak Imin Raih Dukungan Teratas di Uji Kekuatan Elektoral NU dari SMRC https://t.co/ewpVulHDgN,
351,farida318,"#BudalGus
#GusMuhaiminBerangkat
Cak Imin Raih Dukungan Teratas di Uji Kekuatan Elektoral NU dari SMRC https://t.co/7OlCiAr0Vi",
352,AD1T_RG,"@tempodotco Jujur aja cak Imin ini banyak cacatnya di banding Khofifah at Mahfud MD, di satu sisi cak Imin nggak akur dgn klrg Gusdur.",Nederland
353,HariyantoSlame8,Sejumlah Kepala Daerah di Jatim Berikan Mandat ke Cak Imin Maju Pilpres 2024 | https://t.co/Fjctdpxren https://t.co/kKTnxQzYJz via @merdekadotcom,Nojup Malang Kabupaten 65391
354,tempodotco,PKB Halangi Khofifah Saingi Cak Imin: Lebih Baik Lanjut Jadi Gubernur Jatim https://t.co/XxseFWJ4sq #TempoNasional,Indonesia
355,liputan6dotcom,"IMM DKI Jakarta Gelar Bedah Gagasan Cak Imin, Kritisi Ide Tentang Indonesia https://t.co/ogvOjC6cjN",INDONESIA
356,masbams70,Cak Imin ‚Å¶@cakimiNOW‚Å© Raih Dukungan Teratas di Uji Kekuatan Elektoral NU dari SMRC https://t.co/qVJijRXxSG,"DKI Jakarta, Indonesia"
357,SitiSumiran,"Prabowo Subianto dan Ketua Umum PKB Muhaimin Iskandar atau Cak Imin 

Prabowo Subianto
#Prabowo
#IndonesiaKuat
#IndonesiaBangkit
#BangkitBersama",
358,SitiSumiran,"Restu Jokowi itu, kata Khoirul, juga memberikan angin surga bagi Cak Imin, 

Prabowo Subianto
#Prabowo
#IndonesiaKuat
#IndonesiaBangkit
#BangkitBersama",
359,arifkalbar69,"Cak Imin tidak bisa diragukan lagi soal ke-NU-an, beliau lahir, besar dan dididik oleh keluarga NU!

#GusMuhaimin #CakImin #BudalGus #GusMuhaiminBerangkat #NahdlatulUlama #1AbadNU #PKB #KebangkitanIndonesiaRaya #NU #SatuAbadNU #Politik @cakimiNOW @EmHasanuddin @zainul_munas https://t.co/OTVuYpw720",
360,wazaki12345,@alisyarief Ngabisin sisa honor bentar lagi beralih üòØüòÆü§ó ke Cak Imin üòØüòÆü§ó,
361,billy4riez,Mahasiswa Muhammadiyah Gelar Bedah Gagasan Cak Imin https://t.co/npIiThXdAb @ImmDki,Jakarta
362,Disuruh_Iben,Cak Imin Raih Dukungan Teratas di Uji Kekuatan Elektoral NU dari SMRC - detikNews https://t.co/CX6Y3lLl9c #IndonesiaKuat #BangkitBersama,Pulau Impian
363,Disuruh_Iben,"363 Hari Menuju Pemilu - Pilpres 2024: JoMan Bentuk Prabowo Mania 08, Cak Imin Menguat Capres - Tribun Gorontalo https://t.co/l0iUveKMUe #IndonesiaKuat #BangkitBersama",Pulau Impian
364,Disuruh_Iben,Gerindra Sebut Cak Imin Cawapres Terkuat Dampingi Prabowo Subianto - https://t.co/v8eGYL9JfV https://t.co/7J6rO5bUGK #IndonesiaKuat #BangkitBersama,Pulau Impian
365,Disuruh_Iben,Gerindra Sebut Cak Imin Calon Terkuat Dampingi Prabowo Subianto di Pilpres - https://t.co/v8eGYL9JfV https://t.co/K6SA8IGKE4 #IndonesiaKuat #BangkitBersama,Pulau Impian
366,Disuruh_Iben,Persaingan Khofifah dan Cak Imin Semakin Kencang dan Panas - https://t.co/rMcvXyHo1a - https://t.co/rMcvXyHo1a https://t.co/cGTaxDrCTZ #IndonesiaKuat #BangkitBersama,Pulau Impian
367,Disuruh_Iben,"1 Abad NU, Cak Imin Tidak Nampak Hadiri Puncak Resepsi 1 Abad Nahdlatul Ulama di Sidoarjo - Bondowoso Network - Bondowoso Network https://t.co/BDUQa27f2n #IndonesiaKuat #BangkitBersama",Pulau Impian
368,SeputarPendekar,"BUDI DJIWANDONO: CAK IMIN CALON KUAT WAKIL PRESIDEN PRABOWO 2024

#IndonesiaKuat 
#BangkitBersama Prabowo Subianto https://t.co/QQzVHN4hJk",
369,gaspoll2024,"Gus Muhaimin terima mandat ratusan Kepala Desa se-Jawa Timur untuk maju sebagai Calon Presiden pada 2024 mendatang.... Budal Gus!!

#gaspoll #GusMuhaiminAsikPoll #CakImin #mandatkades #budalgus https://t.co/VZjeUnb02h","DKI Jakarta, Indonesia"
370,Disuruh_Iben,Gerindra: Cak Imin Termasuk Calon Kuat Cawapres Prabowo Subianto - detikNews https://t.co/RDmYT1KGou #IndonesiaKuat #BangkitBersama,Pulau Impian
371,hardian8831,@cakimiNOW Cak Imin TOP.,
372,habib_syechrell,"Gerindra Tegaskan Cak Imin Masih Cawapres Potensial, Prabowo Bertemu Khofifah
https://t.co/dyeDyOxujd",Tegal Jawa Tengah Indonesia
373,liputan6dotcom,"Prabowo Bertemu Khofifah, Gerindra Tegaskan Cak Imin Masih Cawapres Potensial https://t.co/HgkRU9awO7",INDONESIA
374,rmp_officials,"Cak Imin tidak bisa diragukan lagi soal ke-NU-an, beliau lahir, besar dan dididik oleh keluarga NU!

#CakImin #GusMuhaimin #Muhaimin #MuhaiminIskandar #SatuAbadNU #NahdlatulUlama #NU https://t.co/w9E2EE9B90",
375,merdekadotcom,"Prabowo Ketemu Khofifah, Gerindra Tegaskan Cak Imin Cawapres Paling Potensial https://t.co/ixxVL5UM5M",Indonesia
376,tvOneNews,"Temui Khofifah, Prabowo Disebut Sudah 'Lapor' Cak Imin https://t.co/85yj2w7N5q",Pulo Gadung
377,zakyarin97,"@BarikadeGusDur Dengan segala hormat kepada Gus Dur sebagai Guru Bangsa, meskipun saya juga berpandangan apa yang dilakukan Cak Imin ke Gus Dur dulu tak patut, tidak bisa diabaikan juga kenyataan, bahwa Gus Dur dulu juga melakukan hal yang sama ke Pak Matori dan Pak Alwi.
https://t.co/ttePdcQGZj",
378,kerangkapikir,"Tokoh NU Dinilai Punya Kekuatan Elektoral untuk Pilpres, Muncul Nama Cak Imin, Mahfud MD hingga Khofifah https://t.co/s0yhkctxpt",
379,muchlis_ar,"Kekuatan Tokoh2 NU

Cak Imin, Pak Mahfud, dan Bu Khofifah menjadi 3 tokoh NU paling banyak dipilih publik nasional untuk ajang Pilpres 2024. 

Hasil survei kekuatan elektoral Nahdlatul Ulama selengkapnya sudah tayang di SMRC TV. 

Linknya di sini: https://t.co/pApm6gRac3 https://t.co/Ex2PfwXqad",Jakarta Capital Region
380,edie_candra,"#BudalGusMuhaimin
@cakimiNOW @DPP_PKB
Sejumlah Kepala Daerah di Jatim Dukung Cak Imin Capres 2024 https://t.co/B1X8nHm7rH","Kalimantan Tengah, Indonesia"
381,Forum_Daerah,"Dukung Maju Capres, Cak Imin Galang Dukungan dari Kepala Daerah di Jatim

Simak berita selengkapnya klik link berikutüëáüèª
https://t.co/EH72JQXql4

#Capres #CakImin #KepalaDaerah #jawatimur",
382,OposisiCerdas,"Cak Imin Sebut Bakal Ada Koalisi Baru di Pilpres 2024: Yang Terpecah Jadi Gabung
https://t.co/MQZFTtB7Us",
383,felen_fery,@KompasTV Cak imin sedang cari pendukung untuk 2024,
384,BentengSumbar,"Cak Imin Prediksi Akan Lahir Koalisi Baru Jelang Pilpres 2024

https://t.co/ngPsinuw0O",Padang
385,monitorind,"Singgung Soal Otonomi Daerah, Cak Imin: Salah Satu Kesalahan Terbesar Kita Menyeragamkan Apa¬†Saja https://t.co/9ffMeDA876",
386,Budionotaslim3,@ch_chotimah2 @aniesbaswedan @satriohendri @jokowi @PDI_Perjuangan @puanmaharani_ri @ganjarpranowo Klo GP oke kok baru PSI yg dukung partai nol koma hahaha...baru baca berita fix PDIP usung bu capres Puan dan cawapres pak Yusril Ihza Mahendra mau protes PDIP gih sono napa gak dukung GP KIB dukung pak PS dan cak Imin kasian deh loh,
387,ba_wcksn,@Umar_Hasibuan__ Cak Imin kok ga ada?,"Yogyakarta, Indonesia"
388,radiomercury96,"Sikapi pertemuan Prabowo-Khofifah, Cak Imin pastikan koalisi PKB-Gerindra tetap utuh via @radiomercury96 https://t.co/lFJu7jFSzq","Kota Surabaya, East Java"
389,merdekadotcom,Cak Imin: Semoga Bulan Depan Sudah Ada Keputusan Capres Cawapres https://t.co/al8vObswVU,Indonesia
390,LebaLeba11,"Gus Muhaimin diberi mandat oleh kepala desa sebagai tokoh nasional untuk memimpin dan menyatukan Indonesia. üáÆüá©üáÆüá©üáÆüá©

#budalgus #gusmuhaiminberangkat #gusmuhaimin #MuhaiminIskandar  
#pkb 
#cakimin https://t.co/Fb1VYQPBzn",Lembata 
391,gaspoll2024,"Sejumlah Kepala Daerah di Jatim Dukung Cak Imin Capres 2024

#gaspoll #GusMuhaiminAsikPoll #CakImin #capres2024 https://t.co/4zSxeUQylB","DKI Jakarta, Indonesia"
392,rhinoxeros_,@fajartujuhbelas miss tembem x cak imin,sakuragaoka
393,Kop15achet,"@cakimiNOW Cakimin pancen oyee, akeh duite..",
394,teknobambang74,Sejumlah Kepala Daerah di Jatim Dukung Cak Imin Capres 2024 https://t.co/sJt2on8TIw,"Riau, Indonesia"
395,EmanSenator,"@Dedikwoe Hanya PKB yg Sanggup, Yakin Cak Imin Bisa.",
396,liputan6dotcom,"Cak Imin: Februari-April Banyak Komunikasi Intensif, Kemungkinan Ada Koalisi Baru Jelang Pemilu 2024 https://t.co/rQrpYqYeYA",INDONESIA
397,merdekadotcom,Cak Imin Prediksi akan Lahir Koalisi Baru Jelang Pilpres 2024 https://t.co/14wXpGBZle,Indonesia
398,KompasTV,Cak Imin Imbau Pemerintah agar Alokasikan Dana Desa Rp 5 Miliar Per Tahun https://t.co/qCuVZn4bHw,Indonesia
399,KompasTV,"Soal Golkar dan NasDem, Cak Imin: Kemungkinan Dua Parpol ini Gabung Koalisi Gerindra-PKB https://t.co/aqo07DrKvC",Indonesia
400,Dedikwoe,"Rp 1 Miliar Masih Kecil, Cak Imin Yakin APBN Masih Sanggup Alokasikan Rp 5 Miliar Per Desa https://t.co/1vfPg1bcdh",
401,AsepSeptiyana_,"Waaadduuhh gawat guys, ternyata begini keadaan Cak Imin dengan NU üòåüòåüòå #muhaiminiskandar #cakimin #pkb #1abadnu #NU #IndonesiaJuara #IndonesiaMaju https://t.co/53NbfGGUhN",
402,Edymaull,"Cak imin tak hadir acara 1 abad NU 
#cakimin #pkb #partaikebangkitanbangsa #nadhatululama #1abadnu #pengkhianat #Pilpres2024 https://t.co/FetX40oceo",
403,Agamsyah1998,"Cak imin tak datang di satu abad NU.
#cakimin #satuabadnu https://t.co/luy1HcoMv3","Bandung, Jawa Barat"
404,ketikmedia,"Sujiwo Tejo Moderatori Acara Cak Imin: Saya Bukan Kader

Sumber: https://t.co/rK3U5xhcxg | Media Kolaborasi Indonesia.
https://t.co/5a9aWo9h3i

#sujiwotejo #sudjiwotedjo #sujiwotedjo #politik #politikindonesia #beritapolitik #berita #beritahariini #pkb #muhaiminiskandar https://t.co/49QgyGEQUL",
405,ahmadhellishfau,#JokowiCakImin #JoinKepri2019 #NasionalisReligius FOLLOW | RETWEET | LIKE | KOMEN Jokowi-CakImin https://t.co/R05nlYjIbD,
406,rahmadhdyt709,"Cakimin tak hadiri di acara NU.
#cakimin #nadhatululama #PKB #Pilpres2024 #waspadacapresradikal #penghianat https://t.co/ZswLyu8lgR",
407,PutraAlamsyahJ1,"Waduh... Cak Imin Cak Imin...!!! 
#PKB #pkbuntukbangsa #satuabadnu #NahdlatulUlama #GusMuhaiminBerangkat #GusMuhaimin #Pilpres2024 https://t.co/qN1Ck05YLb",
408,mrivaldo1207,"cak imin tidak hadiri 1 abad Nu
#nahdhatululama 
#nahdhatululamaindonesia 
#nahdhatululama1abad 
#cakimin 
#cakiminpresiden2024 
#pkb https://t.co/fzMzWX8G8y",
409,andrikingo77,PKB ditangan Cak Imin tercabut dari NU karena berkhianat terhadap Gusdur #partaikebangkitanbangsa #nahdlatululama #satuabadNU #tidakhadir #pengkhianat #gusdur #politik https://t.co/49ZzPWKBvt,
410,dpwpkbdiy,"Rp 1 Miliar Masih Kecil, Cak Imin Yakin APBN Masih Sanggup Alokasikan Rp 5 Miliar Per Desa https://t.co/8eZJY6LLwi","Yogyakarta, Indonesia"
411,IDNTimes,"Didukung Kades se-Jatim Nyapres, Cak Imin Janji Beri Dana Desa Rp5 M https://t.co/4efrVSDHD5",
412,SedulurU,"Simulasi empat pasangan pilpres 2024

#prabowo #gusmuhaimin #cakimin #gusimin #gusmuhaiminpresiden2024 #pkb #pkbmojokerto https://t.co/gxIdexnK2H",
413,Sulisti60188128,@CakImin_Bulian @cakimiNOW üëçmantap,"Sumatera Selatan, Indonesia"
414,Aries_swd,"Lontaran PKB "" Cak Imin Harga Mati "" Setelah Pertemuan Prabowo - Khofifah , Menuai Tafsir Jika Pertemuan Tidak Menghasilkan Apa"", 
Ini Tentu Menjadi Hal Terbukanya Koalisi Perubahan Menggandeng Khofifah Agar Koalisi Perubahan Bisa Menguasai Jatim .

https://t.co/L4ARceGtct","Jawa Tengah, Indonesia"
415,fauzanfuadiFF,"Budal Gus!
@cakiminow

#Muhaiminiskandar 
#gusmuhaimin 
#cakimin 
#budalgus
#1pkb 
#pkb 
#pkbjatim 
#konkret https://t.co/d27wueHGD8",
416,Disuruh_Iben,Mati-matian Dorong Elektabilitas Airlangga dan Cak Imin - https://t.co/XyRg6gsE1C https://t.co/kYxgiO9JHr #PrabowoPeduli #BangkitBersama,Pulau Impian
417,Komunitas_98,Cak Imin Tak Ingin Komentari Pertemuan Prabowo dan Khofifah https://t.co/np90o1r1po,Jakarta - Indonesia
418,info_kita2,Cak Imin Tak Ingin Komentari Pertemuan Prabowo dan Khofifah https://t.co/14jFBUZ6hT,
419,CNNIndonesia,Sejumlah Kepala Daerah di Jatim Dukung Cak Imin Capres 2024 https://t.co/7826ckdZkO,
420,Zainul0104,"https://t.co/J6ehXlR546
#BudalGus
#GusMuhaiminBerangkat
Ketum PKB Muhaimin Iskandar mendapat mandat dari kades se-Jatim untuk maju capres 2024. Hal itu disampaikan saat Cak Imin bertemu dengan para kades di Blitar.",
421,malhamahkubro,@republikaonline ratusan juta pendukung2nya di 2019 aja ditinggalin apalagi cuma cak imin,
422,y_yumnan,"@alisyarief Dari Pilpres ke Pilpres Cak Imin mengejar posisi Capres, tapi tidak dapat. Kali ini pun rasanya hal yg sama akan terulang","Kota Surabaya, Jawa Timur"
423,Disuruh_Iben,"Airlangga Minta Cak Imin Segera Rampungkan Ciptaker, Menteri Perintah Anggota Dewan? - https://t.co/NyayxJHI0l - https://t.co/NyayxJHI0l https://t.co/RfLRJml1eO #PrabowoPeduli #BangkitBersama",Pulau Impian
424,Emerald72063957,@HidayatNatari Semoga cak imin tabah,
425,kumparan,Ketum PKB Muhaimin Iskandar alias Cak Imin menyebutkan akan lahir sebuah koalisi baru jelang Pemilu 2024. #newsupdate #update #news #text https://t.co/ORdLudGRmi,
426,beningnews,Cak Imin Pastikan Koalisi PKB-Gerindra Masih Solid https://t.co/QGdy4TMbWY,"Jakarta Capital Region, Indone"
427,Konfrontasi_co,Cak Imin Pastikan Koalisi PKB-Gerindra Masih Solid https://t.co/B47dUgrZ4M,Jakarta
428,liesschorry,"Rp 1 Miliar Masih Kecil, Cak Imin Yakin APBN Masih Sanggup Alokasikan Rp 5 Miliar Per Desa https://t.co/p0nWSnjFP1","Tanggamus, Lampung"
429,Disuruh_Iben,"Hasil Survei, Elektabilitas Cak Imin di Internal NU Belum ""Ngangkat"" - https://t.co/tRNS3ctLij https://t.co/XKUubIcdet #PrabowoPeduli #BangkitBersama",Pulau Impian
430,Manan70223539,Ratusan Kades di Jatim Beri Mandat Cak Imin Capres 2024 https://t.co/bkcbG3piJi,"Benjeng, Indonesia"
431,K0MENTAT0R,"@alisyarief Harusnya klean malu share hasil survey ini üòÇ, ini anis duet maut sama ahy aja kalah sama prabowo cak imin

Pendukung ganjar ga ada yang marah, malah kasian sama anies udah deklarasi, resmi didukung 3 parpol tapi mentok disitu saja üòÇ",OTW
432,inilahdotcom,Ketua Umum Partai Kebangkitan Bangsa (PKB) Muhaimin Iskandar (Cak Imin) memastikan koalisi dengan Partai Gerakan Indonesia Raya (Gerindra) masih tetap mesra meski Prabowo Subianto menggelar pertemuan tertutup dengan Gubernur Jawa Timur (Jatim) Khofifah‚Ä¶ https://t.co/i5UGHgAusj,
433,mvtahfrd9,"@nahdiyinbersatu @pesantrenbima Oww. Jd ni akun minta bersatu sbg pansos pkb ya,,,, ingat ya. Ketua PBNU lbih wajib ditaati dan jg jgn lupakan kelakuan cak imin","Kota Yogyakarta, Yogyakarta"
434,BombanaSugianto,"Mandat tuk Cak Imin dalam rangka peningkatan kesejahteraan masyarakat
#BudalGus
#GusMuhaiminBerangkat

@cakimiNOW
@darampa1
@DPP_PKB https://t.co/VKA3HzuRBF","Bombana, Sulawesi Tenggara"
435,UmarSandi5,"@Alie_Fahnoor Betul, tp seunggul unggulnya khofifa,tetap kalh sama cak imin krn punya partai..","Kalimantan Timur, Indonesia"
436,gaspoll2024,"Galery Tasyakuran Satu Abad NU

#gaspoll #GusMuhaiminAsikPoll #CakImin #gallery #tasyakuran #satuabadNU https://t.co/nAwhMuKEiL","DKI Jakarta, Indonesia"
437,beritajatimcom,"Kepala Daerah Serahkan Mandat: Budal Gus Muhaimin!.

PKB menyerahkan mandat kepada Ketua Umum PKB Muhaimin Iskandar untuk maju sebagai calon presiden (capres) 2024. -- Ikuti kami di Google‚Ä¶ https://t.co/wXn06lZyxx #PolitikPemerintahan #Cakimin #gusmuhaimin via @beritajatimcom",Surabaya
438,HerwinSP7,"Mandat tuk Cak Imin dalam rangka peningkatan kesejahteraan masyarakat
#BudalGus 
#GusMuhaiminBerangkat 

@cakimiNOW 
@darampa1 
@DPP_PKB https://t.co/TmIWquPqVy",
439,heraldindo,"Sejumlah Kepala Daerah di Jatim Beri Mandat Khusus ke Cak Imin, Apa¬†Saja? https://t.co/34AXhFFEpY","Jakarta Selatan, DKI Jakarta"
440,Iwan37780374,"Semoga cak Imin slalu sehat, perjuangan Gus bagi desa dan masyarakat merupakan mandat untuk Indonesia https://t.co/f27dgrzgkm",
441,lebahdigital22,"Mandat Desa Untuk Indonesia 
#budalgus #mandatdesa #cakimin https://t.co/R2Bemt00ZT",
442,PutraErlangga95,Ingat Cak Imin dengan Kardus Durian ü§≠,"Jakarta Pusat, DKI Jakarta"
443,ahmadhellishfau,#JokowiCakImin #JoinKepri2019 #NasionalisReligius FOLLOW | RETWEET | LIKE | KOMEN Jokowi-CakImin https://t.co/UwZnf3kBW9,
444,ahmadhellishfau,#JokowiCakImin #JoinKepri2019 #NasionalisReligius FOLLOW | RETWEET | LIKE | KOMEN Jokowi-CakImin https://t.co/BVop6cweSR,
445,pkbkuburaya,Cak Imin Terima Mandat dari Ratusan Kades se-Jatim di Pilpres 2024 https://t.co/YUGMfV5vX3 lewat @okezonenews,Kab. Kubu Raya Indonesia
446,yazid_fadhlan,@OposisiCerdas Cak imin mana mau... Bisa lari jg beliau k pak Paloh,"Agam, Sumatera Barat"
447,SusantiHoway_87,"Sukse Buat Cak Imin
#presiden2024 üôèüèº https://t.co/vYXVx9xzIx",
448,macank739,"Rp 1 Miliar Masih Kecil, Cak Imin Yakin APBN Masih Sanggup Alokasikan Rp 5 Miliar Per Desa https://t.co/eBYbnZD9eT",Pringsewu
449,RUSLAN_YAKUSA,"https://t.co/L9lYt8sOAp‚Ä¶
#BudalGus
#GusMuhaiminBerangkat
Ketum PKB Muhaimin Iskandar mendapat mandat dari kades se-Jatim untuk maju capres 2024. Hal itu disampaikan saat Cak Imin bertemu dengan para kades di Blitar. https://t.co/QgyoDWlEPu","kendari, sulawesi tenggara"
450,WaspadaOnline,"Dana Desa Rp1 Miliar Kata Cak Imin Terlalu Kecil, Idealnya Rp5 Miliar! https://t.co/GLc8orYz3Z",Medan
451,Vivi53816567,"Rp 1 Miliar Masih Kecil, Cak Imin Yakin APBN Masih Sanggup Alokasikan Rp 5 Miliar Per Desa https://t.co/aENCYfL2M0",
452,AndiQuKha2,"Cak Imin untuk Indonesia

#BudalGus
#GusMuahaiminBerangkat 
@cakimiNOW https://t.co/t05PFWvpdV","Banggai, Indonesia"
453,edeezlm,Cak Imin Terima Mandat dari Ratusan Kades se-Jatim di Pilpres 2024 https://t.co/Lu13Ppq6do via @okezonenews,
454,edeezlm,"Cak Imin Terima Mandat dari Ratusan Kades se-Jatim di Pilpres 2024 https://t.co/Lu13Ppq6do via @okezonenews
#BudalGus 
#GusMuhaiminBerangkat",
455,salimpati1122,Gas cak imin.. https://t.co/5WqnwocZS8,Pati Jawa Tengah
456,Umar_Hasibuan__,"Yg terbaik insya Alloh diberikan Alloh Cak Imin 

https://t.co/9logajDQRv",DKI Jakarta
457,Ukimarz,@OposisiCerdas Terus cak imin piye .... ??,Jakarta
458,fahmi_bd,Beban Desa ngurus 3-5rb orang dgn cakupan lahan cukup luas dikasih Rp 1 Miliar ya kecil banget. Cak Imin Yakin APBN Masih Sanggup Alokasikan Rp 5 Miliar Per Desa https://t.co/zJazRcR8mC,
459,ThahaMuges,Doa cak Imin semoga dikabulkan oleh ALLAH https://t.co/sYdrahK7SM,
460,ahmadhellishfau,#JokowiCakImin #JoinKepri2019 #NasionalisReligius FOLLOW | RETWEET | LIKE | KOMEN Jokowi-CakImin https://t.co/QQfHxlrREc,
461,ahmadhellishfau,#JokowiCakImin #JoinKepri2019 #NasionalisReligius FOLLOW | RETWEET | LIKE | KOMEN Jokowi-CakImin https://t.co/hAVsWDXKMm,
462,ahmadhellishfau,#JokowiCakImin #JoinKepri2019 #NasionalisReligius FOLLOW | RETWEET | LIKE | KOMEN Jokowi-CakImin https://t.co/vxsM2r69a0,
463,ahmadhellishfau,#JokowiCakImin #JoinKepri2019 #NasionalisReligius FOLLOW | RETWEET | LIKE | KOMEN Jokowi-CakImin https://t.co/ElUCLRLSMu,
464,spec_politic,"Emangnya pohon beringin dapat menjadi tempat teduh untuk yang lain ya? 

@airlangga_hrt @cakimiNOW
@suryapaloh51 @syaikhu_ahmad
#Golkar #Nasdem #PKS #PKB #airlanggahartarto #suryapaloh #cakimin #ahmadsyaikhu https://t.co/VHYgTWOr1j",Jakarta Capital Region
465,nyak_ih_meutuah,Dari Cak Imin tersingkir entah kemana. @DPP_PKB,Indonesia
466,okezonenews,"Sebut Dana Desa Rp1 Miliar Terlalu Kecil, Cak Imin: Idealnya Rp5 Miliar! #LengkapCepatBeritanya #BeritaTerkini #Berita #News #BeritaNasional . https://t.co/OkTvwU9UJY",Jakarta
467,SaidaFathan,@cakimin https://t.co/g8zwC4ViE7,
468,dpwpkbjabar,"Pastikan RUU PPRT segera disahkan DPR üòâ

#survey #politik #pemilu2024 #pilpres2024 #GusMuhaimin #MuhaiminIskandar #cakimin #syaifulhuda #ajamacepjamaludin #prt #art #uud #undangundang

@dpp_pkb @cakiminow @emhasanuddin @syaifulhooda @AcepJamaludin01 https://t.co/ZkbHmHf9qu","Kota Bandung, Jawa Barat"
469,antonsampit,@geloraco Lalu Cak Imin gimana? Kena prank?,"Central Borneo, Indonesia"
470,yazid_my,"Rp 1 Miliar Masih Kecil, Cak Imin Yakin APBN Masih Sanggup Alokasikan Rp 5 Miliar Per Desa
#BudalGus
#GusMuhaimin 
https://t.co/ZszJLCOW7w","Gresik, Indonesia"
471,MRois26543529,"Desa-Desa yg berada di pulau jawa timur memang Kece.... teruslah meng aspirasikan apa yg menjadi kebutuhan Desa...
Bravo....
#BudalGus 
#cakimin 
#pkbuntukbangsa https://t.co/agMhp6CVBk",
472,KilwaranyMYusuf,BaGus CAK IMIN 2024 https://t.co/ShjlGMSgjW,
473,Hasnawa42885669,Ketum PKB Cak Imin Terima Mandat Maju Capres 2024 dari Ratusan Kades Se-Jatim https://t.co/XBgBDPhTOU lewat @okezonenews,
474,green_manueke,"Mandat kepada cak imin
#BudalGus 
#GusMuhaiminBerangkat 

Budal Gus! Kepala Daerah Jatim Beri Mandat ke Muhaimin Nyapres di 2024 https://t.co/LwUSTThdZB",
475,Disuruh_Iben,"Serap Aspirasi Kades, Cak Imin Usul Dana Desa Naik jadi Rp5 M per Tahun | https://t.co/iB9b8JxWq6 - https://t.co/vZIWoTfBeY https://t.co/pc1296BLWz #PrabowoPeduli #BangkitBersama",Pulau Impian
476,Disuruh_Iben,"Cak Imin Tak Hadiri Acara 1 Abad NU, Muslim: Sudah Talak Tiga - RMOL https://t.co/5HRjnqpUIs #PrabowoPeduli #BangkitBersama",Pulau Impian
477,haelamarie,"Pertemuan Prabowo dan Khofifah, Cak Imin Akui Tak Tahu Maksudnya, Gerindra PKB Tetap Solid? - MSN https://t.co/uQNRaZifVm #PrabowoPeduli #BangkitBersama",Indonesia
478,rege_sarifudin,@BagusMuhaiminS1 @cakimiNOW @DPP_PKB @EmHasanuddin @zainul_munas Semoga Cak Imin.menjadi wakil presiden 2024.,
479,laode_musrifin,"Cak Imin menerima Mandat dari ratusan Kades se-Jatim di Pilpres 2024.
#BudalGus
#GusMuhsiminBetsngkat https://t.co/rcNORNlDW0",Buton Tengah
480,MasNasirudin,"Mandat daerah untuk Indonesia
#desa
#cakimin https://t.co/vOJeGYNu1F",
481,Thou_Pick,@BarikadeGusDur saya gak mo dukung pkb krn Cak Imin ketumnya...,
482,hallojakarta_,Cak Imin Tak Ingin Komentari Pertemuan Prabowo dan Khofifah https://t.co/IJkhBtDs8Q,"Jakarta, Indonesia"
483,info_kita2,Cak Imin Tak Ingin Komentari Pertemuan Prabowo dan Khofifah https://t.co/14jFBUZ6hT,
484,Komunitas_98,Cak Imin Tak Ingin Komentari Pertemuan Prabowo dan Khofifah https://t.co/np90o1r1po,Jakarta - Indonesia
485,ErwinLoebis77,"#BudalGus
#GusMuhaiminBerangkat
@cakimiNOW
@DPP_PKB
@FraksiPKB
@imansyukri 
@azzameldzikrie
@Brigade01Arwan1
Ratusan Kades di Jatim Beri Mandat Cak Imin Capres 2024 https://t.co/UuNppOWUL7",Medan
486,ambarwarieni1,@halimiskandarnu @GusIminMalang @yusradaridesa @cak imin @gusimin https://t.co/o7HhPJy5S4,
487,news_wanheart,"Temui Khofifah di Surabaya, Prabowo Imbangi Manuver Cak Imin ke KIB https://t.co/1PxNFWu51B",
488,TirtoID,"Cak Imin mengungkap akan bekerja semaksimal mungkin agar bisa menjadi presiden dan melaksanakan harapan yang diberikan oleh para kepala desa.

https://t.co/MLugg1f8AY",Indonesia
489,qiu_qiu66,"#BudalGus 
#cakimin 
#GusMuhaiminBerangkat https://t.co/BHry8w82p2","Pasuruan, Jawa Timur"
490,Abdul_Sengari,"cak imin mendapatkan mandat
#BudalGus 
#GusMuhaiminBerangkat https://t.co/GyTutEz6M9",
491,GusyaHirman3,"Ketum PKB Cak Imin Terima Mandat Maju Capres 2024 dari Ratusan Kades Se-Jatim https://t.co/dg1lopPV50‚Ä¶ lewat @okezonenews 
#BudalGus 
#GusMuhaiminBerangkat https://t.co/qZE4A65JsF",
492,Ind4hMaharani,"@ch_chotimah2 @p3n7l7h @03__nakula 2024 msh misteri, bisa 2 atau 3 psg,, gk mgk Airlangga/golkar mau jd penontonüòÇ bs Prabowo- puan, Prabowo - ganjar, Ganjar- puan / puan - erto ( bila PDIP nekad ) , yg pst puan - Airlangga  plus cak imin wajib di cawapresüòÇ ngumet toh 2024üòÇ","Denpasar Selatan, Indonesia"
493,Iya5Riya,"#budalgus #gusmuhaiminberangkat #nu  #gusmuhaimin #muhaiminiskandar  #pkb #cakimin #syaifulhuda #acepjamaludin  #desa #kades

@dpp_pkb @cakiminow  @syaifulhooda https://t.co/MAo4vpgP73",
494,Iya5Riya,"#budalgus #gusmuhaiminberangkat #nu  #gusmuhaimin #muhaiminiskandar  #pkb #cakimin #syaifulhuda #acepjamaludin  #desa #kades

@dpp_pkb @cakiminow  @syaifulhooda https://t.co/ocClh1yX19",
495,MuanArfa2022,"Mandat tuk Cak Imin dalam rangka peningkatan kesejahteraan masyarakat
#BudalGus 
#GusMuhaiminBerangkat 

@cakimiNOW 
@darampa1 
@DPP_PKB https://t.co/8oWt7cY1j6",
496,PutriZenala,"Maju bersama cak imin...
#BudalGus 
#gusmuhaimin 
#kendaljoss24",
497,aliando902,"Cak Imin
Gus Muhaimin
PKB nomor satu https://t.co/XJqIbO2nut",
498,heraldindo,"Bandingkan Bupati Lumajang, Sujiwo Tejo Sindir Vespa Cak¬†Imin https://t.co/qKghbr4lpJ","Jakarta Selatan, DKI Jakarta"
499,CakImin_Bulian,"Kita berjuang bersama Gus Muhaimin 

#BudalGus 
#GusMuhaiminBerangkat 

@cakimiNOW https://t.co/MHmsXlomgk",
500,hatta_nulampung,Ratusan Kades di Jatim Beri Mandat Cak Imin Capres 2024 https://t.co/th45Zzjy09,PerumPolda2Lampung
